Symbol,Interval,Current_Rate(%),Daily_Rate(%),Method
ALTTOWN-USDT,1h,0.01,0.24,History_Search
BIBI-USDT,1h,-0.01,-0.24,History_Search
BROCCOLI-USDT,1h,0.005,0.12,History_Search
BUTTCOIN-USDT,1h,-0.1869,-4.4856,History_Search
CLAWD-USDT,1h,0.0232,0.5568,History_Search
COPPERINU-USDT,1h,-0.024800000000000003,-0.5952000000000001,History_Search
FISH-USDT,1h,0.01,0.24,History_Search
FIXIN1DAY-USDT,1h,0.01,0.24,History_Search
FKH-USDT,1h,-0.01,-0.24,History_Search
KABUTO-USDT,1h,0.01,0.24,History_Search
KIN-USDT,1h,-0.01,-0.24,History_Search
LIFEKLINE-USDT,1h,-0.01,-0.24,History_Search
MGO-USDT,1h,-0.01,-0.24,History_Search
MINER-USDT,1h,0.01,0.24,History_Search
OWL-USDT,1h,-0.0063,-0.1512,History_Search
RIVER-USDT,4h,0.005,0.12,History_Search
SENT-USDT,1h,-0.29550000000000004,-7.0920000000000005,History_Search
SNOWBALL-USDT,1h,0.01,0.24,History_Search
SPSC-USDT,1h,-0.01,-0.24,History_Search
SSS-USDT,1h,0.01,0.24,History_Search
SUP-USDT,1h,0.01,0.24,History_Search
TESTICLE-USDT,1h,-0.028200000000000003,-0.6768000000000001,History_Search
TIMI-USDT,1h,0.01,0.24,History_Search
TTIDE-USDT,1h,-0.01,-0.24,History_Search
VOOI-USDT,1h,-0.01,-0.24,History_Search
VSN-USDT,1h,-0.037399999999999996,-0.8976,History_Search
XION-USDT,1h,0.0013,0.0312,History_Search
XUEQIU-USDT,1h,-0.01,-0.24,History_Search
ZIL-USDT,1h,-0.31939999999999996,-7.6655999999999995,History_Search
ZK-USDT,1h,0.0013,0.0312,History_Search
ZKP-USDT,1h,-0.012799999999999999,-0.3072,History_Search
0G-USDT,4h,-0.056499999999999995,-0.33899999999999997,History_Search
1000000BABYDOGE-USDT,4h,0.005,0.03,History_Search
1000000BOB-USDT,4h,0.1963,1.1778,History_Search
1000000MOG-USDT,4h,0.005,0.03,History_Search
10000SATS-USDT,4h,0.005,0.03,History_Search
1000BONK-USDT,4h,-0.0026999999999999997,-0.0162,History_Search
1000CAT-USDT,4h,0.005,0.03,History_Search
1000CHEEMS-USDT,4h,0.005,0.03,History_Search
114514-USDT,4h,0.02,0.12,History_Search
2Z-USDT,4h,-0.006200000000000001,-0.037200000000000004,History_Search
4-USDT,4h,0.0272,0.16319999999999998,History_Search
A-USDT,4h,0.005,0.03,History_Search
A2Z-USDT,4h,0.005,0.03,History_Search
ACE-USDT,4h,0.005,0.03,History_Search
ACT-USDT,4h,-0.0085,-0.051000000000000004,History_Search
ACU-USDT,4h,0.005,0.03,History_Search
AERGO-USDT,4h,0.0006000000000000001,0.0036000000000000003,History_Search
AERO-USDT,4h,0.0024000000000000002,0.014400000000000001,History_Search
AEVO-USDT,4h,0.005,0.03,History_Search
AIA-USDT,4h,-0.0286,-0.1716,History_Search
AIAV-USDT,4h,0.02,0.12,History_Search
AIN-USDT,4h,0.005,0.03,History_Search
AIOT-USDT,4h,0.045399999999999996,0.2724,History_Search
AIXBT-USDT,4h,-0.0025,-0.015,History_Search
AKE-USDT,4h,0.025500000000000002,0.15300000000000002,History_Search
AKT-USDT,4h,-0.0073,-0.0438,History_Search
ALLO-USDT,4h,0.005,0.03,History_Search
ALPINE-USDT,4h,0.005,0.03,History_Search
ALT-USDT,4h,0.005,0.03,History_Search
ANIME-USDT,4h,-0.104,-0.624,History_Search
APEX-USDT,4h,0.005,0.03,History_Search
API3-USDT,4h,0.0009,0.0054,History_Search
APR-USDT,4h,0.0014,0.0084,History_Search
ARIA-USDT,4h,0.005,0.03,History_Search
ARK-USDT,4h,-0.0712,-0.4272,History_Search
ARTX-USDT,4h,0.0091,0.0546,History_Search
ASR-USDT,4h,0.005,0.03,History_Search
ASTER-USDT,4h,0.005,0.03,History_Search
AT-USDT,4h,0.005,0.03,History_Search
ATH-USDT,4h,0.005,0.03,History_Search
AUCTION-USDT,4h,-0.7824,-4.6944,History_Search
AVA-USDT,4h,0.005,0.03,History_Search
AVAAI-USDT,4h,0.005399999999999999,0.0324,History_Search
AVICI-USDT,4h,-0.0081,-0.0486,History_Search
AVNT-USDT,4h,-0.050699999999999995,-0.30419999999999997,History_Search
AWE-USDT,4h,-0.0023,-0.0138,History_Search
AXL-USDT,4h,-0.6818000000000001,-4.090800000000001,History_Search
AXS-USDT,4h,0.0013,0.0078,History_Search
B-USDT,4h,0.0034999999999999996,0.020999999999999998,History_Search
B2-USDT,4h,0.005,0.03,History_Search
B3-USDT,4h,0.0809,0.4854,History_Search
BABY-USDT,4h,-0.0038000000000000004,-0.0228,History_Search
BANANA-USDT,4h,0.005,0.03,History_Search
BANANAS31-USDT,4h,0.005,0.03,History_Search
BANK-USDT,4h,0.005,0.03,History_Search
BARD-USDT,4h,0.005,0.03,History_Search
BAS-USDT,4h,0.048299999999999996,0.28979999999999995,History_Search
BB-USDT,4h,0.005,0.03,History_Search
BDX-USDT,4h,0.0085,0.051000000000000004,History_Search
BEAM-USDT,4h,0.005,0.03,History_Search
BEAT-USDT,4h,0.006,0.036000000000000004,History_Search
BERA-USDT,4h,0.0044,0.0264,History_Search
BIGTIME-USDT,4h,0.005,0.03,History_Search
BIO-USDT,4h,0.005,0.03,History_Search
BIRB-USDT,1h,0.005,0.03,History_Search
BITLIGHT-USDT,4h,0.005,0.03,History_Search
BLESS-USDT,4h,0.0466,0.2796,History_Search
BLUAI-USDT,4h,0.0193,0.11580000000000001,History_Search
BMT-USDT,4h,0.005,0.03,History_Search
BNLIFE-USDT,4h,0.0034999999999999996,0.020999999999999998,History_Search
BOME-USDT,4h,0.005,0.03,History_Search
BR-USDT,4h,0.0034999999999999996,0.020999999999999998,History_Search
BRETT-USDT,4h,0.005,0.03,History_Search
BREV-USDT,4h,-0.0025,-0.015,History_Search
BROCCOLIF3B-USDT,4h,0.1165,0.6990000000000001,History_Search
BSU-USDT,4h,0.005,0.03,History_Search
BSV-USDT,4h,0.0034999999999999996,0.020999999999999998,History_Search
BTX-USDT,4h,-0.02,-0.12,History_Search
BYTE-USDT,4h,-0.0127,-0.07619999999999999,History_Search
C-USDT,4h,0.005,0.03,History_Search
CAI-USDT,4h,-0.0104,-0.0624,History_Search
CAKE-USDT,4h,0.005,0.03,History_Search
CAMP-USDT,4h,0.005,0.03,History_Search
CARV-USDT,4h,-0.006,-0.036000000000000004,History_Search
CATI-USDT,4h,0.005,0.03,History_Search
CC-USDT,4h,0.0034999999999999996,0.020999999999999998,History_Search
CETUS-USDT,4h,0.005,0.03,History_Search
CGPT-USDT,4h,0.005,0.03,History_Search
CHILLGUY-USDT,4h,0.0224,0.1344,History_Search
CLANKER-USDT,4h,0.005,0.03,History_Search
CLAWDONBASE-USDT,4h,0.0084,0.0504,History_Search
CLAWNCH-USDT,4h,0.013999999999999999,0.08399999999999999,History_Search
CLO-USDT,4h,-0.11150000000000002,-0.669,History_Search
COAI-USDT,4h,0.0322,0.19319999999999998,History_Search
COLLECT-USDT,4h,0.0097,0.0582,History_Search
COOKIE-USDT,4h,0.005,0.03,History_Search
COW-USDT,4h,0.005,0.03,History_Search
CROSS-USDT,4h,0.0131,0.0786,History_Search
CTK-USDT,4h,0.005,0.03,History_Search
CYBER-USDT,4h,-0.3549,-2.1294,History_Search
CYPR-USDT,4h,-0.013999999999999999,-0.08399999999999999,History_Search
CYS-USDT,4h,0.0034999999999999996,0.020999999999999998,History_Search
DAM-USDT,4h,0.0923,0.5538,History_Search
DEEP-USDT,4h,-0.058,-0.34800000000000003,History_Search
DEGEN-USDT,4h,0.005,0.03,History_Search
DEGO-USDT,4h,0.005399999999999999,0.0324,History_Search
DIA-USDT,4h,0.005,0.03,History_Search
DN-USDT,4h,0.0098,0.0588,History_Search
DOLO-USDT,4h,0.005,0.03,History_Search
DONT-USDT,4h,-0.012,-0.07200000000000001,History_Search
DOOD-USDT,4h,0.005,0.03,History_Search
DRIFT-USDT,4h,0.005,0.03,History_Search
DUSK-USDT,4h,-0.0401,-0.24059999999999998,History_Search
DYM-USDT,4h,0.005,0.03,History_Search
EIGEN-USDT,4h,0.005,0.03,History_Search
ELIZAOS-USDT,4h,-0.02,-0.12,History_Search
ELSA-USDT,4h,-0.08059999999999999,-0.4835999999999999,History_Search
ENA-USDT,4h,0.005,0.03,History_Search
ENSO-USDT,4h,-0.0871,-0.5226,History_Search
EPH-USDT,4h,0.013999999999999999,0.08399999999999999,History_Search
EPIC-USDT,4h,0.005,0.03,History_Search
ERA-USDT,4h,0.0013,0.0078,History_Search
ESIM-USDT,4h,0.0117,0.0702,History_Search
ESPORTS-USDT,4h,0.0034999999999999996,0.020999999999999998,History_Search
ETHFI-USDT,4h,-0.0014,-0.0084,History_Search
EVAA-USDT,4h,0.018799999999999997,0.11279999999999998,History_Search
F-USDT,4h,-1.1213000000000002,-6.727800000000001,History_Search
FARTCOIN-USDT,4h,0.005,0.03,History_Search
FF-USDT,4h,-0.0007,-0.0042,History_Search
FIDA-USDT,4h,0.005,0.03,History_Search
FIGHTID-USDT,4h,0.005,0.03,History_Search
FLOCK-USDT,4h,-0.021,-0.126,History_Search
FLOW-USDT,4h,0.11800000000000001,0.7080000000000001,History_Search
FLUID-USDT,4h,0.005,0.03,History_Search
FLUX-USDT,4h,0.005,0.03,History_Search
FOGO-USDT,4h,0.0034,0.020399999999999998,History_Search
FOLKS-USDT,4h,0.0034999999999999996,0.020999999999999998,History_Search
FORM-USDT,4h,0.005,0.03,History_Search
FRAX-USDT,4h,-0.083,-0.498,History_Search
FUNTOKEN-USDT,4h,0.005,0.03,History_Search
GAIB-USDT,4h,-0.0014,-0.0084,History_Search
GAS-USDT,4h,-0.105,-0.63,History_Search
GASTOWN-USDT,4h,0.02,0.12,History_Search
GHST-USDT,4h,0.02,0.12,History_Search
GIGA-USDT,4h,0.005,0.03,History_Search
GIGGLE-USDT,4h,0.0135,0.081,History_Search
GLM-USDT,4h,-0.0291,-0.1746,History_Search
GMT-USDT,4h,0.005,0.03,History_Search
GOAT-USDT,4h,0.005,0.03,History_Search
GOBOB-USDT,4h,0.005,0.03,History_Search
GPS-USDT,4h,-0.1326,-0.7956,History_Search
GRASS-USDT,4h,0.005,0.03,History_Search
GRIFFAIN-USDT,4h,0.005,0.03,History_Search
GUA-USDT,4h,0.0034999999999999996,0.020999999999999998,History_Search
GUN-USDT,4h,0.005,0.03,History_Search
GWEI-USDT,4h,-0.1072,-0.6432,History_Search
H-USDT,4h,0.005,0.03,History_Search
HAEDAL-USDT,4h,0.003,0.018000000000000002,History_Search
HANA-USDT,4h,0.0034999999999999996,0.020999999999999998,History_Search
HEI-USDT,4h,0.005,0.03,History_Search
HEMI-USDT,4h,0.0034999999999999996,0.020999999999999998,History_Search
HIPPO-USDT,4h,0.005,0.03,History_Search
HIVE-USDT,4h,0.005,0.03,History_Search
HMSTR-USDT,4h,-0.0052,-0.0312,History_Search
HOLO-USDT,4h,0.005,0.03,History_Search
HOME-USDT,4h,-0.0034,-0.020399999999999998,History_Search
HUMA-USDT,4h,0.005,0.03,History_Search
HYPE-USDT,4h,0.0025,0.015,History_Search
HYPERLANE-USDT,4h,0.005,0.03,History_Search
ICNT-USDT,4h,-0.14250000000000002,-0.8550000000000001,History_Search
IDOL-USDT,4h,0.0034999999999999996,0.020999999999999998,History_Search
ILV-USDT,4h,0.005,0.03,History_Search
IMU-USDT,4h,0.0083,0.0498,History_Search
IMX-USDT,4h,0.005,0.03,History_Search
IN-USDT,4h,-0.0626,-0.37560000000000004,History_Search
INIT-USDT,4h,-0.0402,-0.2412,History_Search
INX-USDT,4h,-0.1013,-0.6078,History_Search
IO-USDT,4h,0.005,0.03,History_Search
IP-USDT,4h,0.005,0.03,History_Search
IR-USDT,4h,0.005,0.03,History_Search
IRYS-USDT,4h,0.0034999999999999996,0.020999999999999998,History_Search
JCT-USDT,4h,0.0073,0.0438,History_Search
JTO-USDT,4h,0.005,0.03,History_Search
JUP-USDT,4h,-0.0424,-0.2544,History_Search
KAIA-USDT,4h,-0.0136,-0.08159999999999999,History_Search
KAITO-USDT,4h,0.00019999999999999998,0.0012,History_Search
KAS-USDT,4h,0.005,0.03,History_Search
KAVA-USDT,4h,0.005,0.03,History_Search
KERNEL-USDT,4h,0.005,0.03,History_Search
KGEN-USDT,4h,0.005,0.03,History_Search
KITE-USDT,4h,0.005,0.03,History_Search
KMNO-USDT,4h,0.005,0.03,History_Search
KOMA-USDT,4h,0.0261,0.15660000000000002,History_Search
LA-USDT,4h,0.005,0.03,History_Search
LAB-USDT,4h,0.005,0.03,History_Search
LAOZI-USDT,4h,-0.012,-0.07200000000000001,History_Search
LAVA-USDT,4h,0.012,0.07200000000000001,History_Search
LAYER-USDT,4h,0.0034999999999999996,0.020999999999999998,History_Search
LIGHTER-USDT,4h,0.005,0.03,History_Search
LINEA-USDT,4h,-0.0063999999999999994,-0.0384,History_Search
LISA-USDT,4h,-0.013999999999999999,-0.08399999999999999,History_Search
LISTA-USDT,4h,0.005,0.03,History_Search
LPT-USDT,4h,-0.0261,-0.15660000000000002,History_Search
LRC-USDT,4h,-0.0278,-0.1668,History_Search
LSK-USDT,4h,0.005,0.03,History_Search
LUMIA-USDT,4h,0.005,0.03,History_Search
LUNA-USDT,4h,0.005,0.03,History_Search
LYN-USDT,4h,0.005,0.03,History_Search
M-USDT,4h,0.0009,0.0054,History_Search
MAGIC-USDT,4h,0.005,0.03,History_Search
MAGMA-USDT,4h,0.0816,0.48960000000000004,History_Search
MANTA-USDT,4h,-0.0164,-0.09840000000000002,History_Search
MASK-USDT,4h,0.005,0.03,History_Search
MAVIA-USDT,4h,0.005,0.03,History_Search
MBOX-USDT,4h,0.005,0.03,History_Search
ME-USDT,4h,9.999999999999999e-05,0.0006,History_Search
MELANIA-USDT,4h,0.005,0.03,History_Search
MEME-USDT,4h,0.0013,0.0078,History_Search
MEMES-USDT,4h,-0.0091,-0.0546,History_Search
MERL-USDT,4h,0.0038000000000000004,0.0228,History_Search
METEORA-USDT,4h,0.005,0.03,History_Search
METIS-USDT,4h,0.005,0.03,History_Search
MEW-USDT,4h,0.005,0.03,History_Search
MIRANETWORK-USDT,4h,0.005,0.03,History_Search
MITO-USDT,4h,0.005,0.03,History_Search
MLN-USDT,4h,0.005,0.03,History_Search
MMT-USDT,4h,0.005,0.03,History_Search
MOLT-USDT,4h,0.0088,0.0528,History_Search
MONAD-USDT,4h,-0.0024000000000000002,-0.014400000000000001,History_Search
MOODENG-USDT,4h,0.0009,0.0054,History_Search
MORI-USDT,4h,0.02,0.12,History_Search
MORPHO-USDT,4h,0.005,0.03,History_Search
MOVE-USDT,4h,-0.1248,-0.7487999999999999,History_Search
MOVR-USDT,4h,0.0034999999999999996,0.020999999999999998,History_Search
MUBARAK-USDT,4h,0.005,0.03,History_Search
MYX-USDT,4h,0.0178,0.1068,History_Search
NAORIS-USDT,4h,0.005,0.03,History_Search
NCSKAAPL2USD-USDT,4h,0.0034999999999999996,0.020999999999999998,History_Search
NCSKACN2USD-USDT,4h,0.005,0.03,History_Search
NCSKAMZN2USD-USDT,4h,0.0034999999999999996,0.020999999999999998,History_Search
NCSKAPP2USD-USDT,4h,0.005,0.03,History_Search
NCSKARM2USD-USDT,4h,0.005,0.03,History_Search
NCSKASML2USD-USDT,4h,0.005,0.03,History_Search
NCSKCOIN2USD-USDT,4h,0.005,0.03,History_Search
NCSKCRCL2USD-USDT,4h,0.0957,0.5741999999999999,History_Search
NCSKCSCO2USD-USDT,4h,0.0034999999999999996,0.020999999999999998,History_Search
NCSKGE2USD-USDT,4h,0.005,0.03,History_Search
NCSKGME2USD-USDT,4h,0.005,0.03,History_Search
NCSKGOOGL2USD-USDT,4h,0.1562,0.9372,History_Search
NCSKHOOD2USD-USDT,4h,0.0279,0.1674,History_Search
NCSKIBM2USD-USDT,4h,0.005,0.03,History_Search
NCSKINTC2USD-USDT,4h,0.0164,0.09840000000000002,History_Search
NCSKMCD2USD-USDT,4h,0.005,0.03,History_Search
NCSKMETA2USD-USDT,4h,0.0301,0.18059999999999998,History_Search
NCSKMRVL2USD-USDT,4h,0.005,0.03,History_Search
NCSKMSFT2USD-USDT,4h,0.021599999999999998,0.1296,History_Search
NCSKMSTR2USD-USDT,4h,0.005,0.03,History_Search
NCSKNVDA2USD-USDT,4h,0.0034999999999999996,0.020999999999999998,History_Search
NCSKORCL2USD-USDT,4h,0.005,0.03,History_Search
NCSKPLTR2USD-USDT,4h,0.3149,1.8894000000000002,History_Search
NCSKRDDT2USD-USDT,4h,0.005,0.03,History_Search
NCSKTSLA2USD-USDT,4h,0.0621,0.37260000000000004,History_Search
NEIROCTO-USDT,4h,0.005,0.03,History_Search
NFP-USDT,4h,0.005,0.03,History_Search
NIGHT-USDT,4h,-0.0031000000000000003,-0.018600000000000002,History_Search
NIL-USDT,4h,0.0034999999999999996,0.020999999999999998,History_Search
NMR-USDT,4h,-0.0021,-0.0126,History_Search
NOMINA-USDT,4h,-0.1166,-0.6996,History_Search
NOT-USDT,4h,0.005,0.03,History_Search
NTRN-USDT,4h,0.0392,0.2352,History_Search
NXPC-USDT,4h,0.005,0.03,History_Search
OG-USDT,4h,0.005,0.03,History_Search
OKB-USDT,4h,0.0034999999999999996,0.020999999999999998,History_Search
OL-USDT,4h,0.005,0.03,History_Search
ON-USDT,4h,0.005,0.03,History_Search
ONDO-USDT,4h,0.005,0.03,History_Search
ONG-USDT,4h,0.005,0.03,History_Search
ONT-USDT,4h,-0.0034,-0.020399999999999998,History_Search
OOOO-USDT,4h,-0.02,-0.12,History_Search
OPENEDEN-USDT,4h,0.005,0.03,History_Search
OPENLEDGER-USDT,4h,0.005,0.03,History_Search
ORCA-USDT,4h,-0.0165,-0.099,History_Search
ORDI-USDT,4h,0.005,0.03,History_Search
ORE-USDT,4h,0.009399999999999999,0.05639999999999999,History_Search
PARTI-USDT,4h,0.005,0.03,History_Search
PAXG-USDT,4h,0.005,0.03,History_Search
PENGU-USDT,4h,-0.0117,-0.0702,History_Search
PENGUIN-USDT,4h,0.02,0.12,History_Search
PHA-USDT,4h,0.005,0.03,History_Search
PI-USDT,4h,0.005,0.03,History_Search
PIEVERSE-USDT,4h,0.0009,0.0054,History_Search
PIPE-USDT,4h,0.0102,0.061200000000000004,History_Search
PIPPIN-USDT,4h,0.015300000000000001,0.0918,History_Search
PIXEL-USDT,4h,0.005,0.03,History_Search
PLAYSOUT-USDT,4h,0.06130000000000001,0.3678,History_Search
PLUME-USDT,4h,0.005,0.03,History_Search
PNUT-USDT,4h,0.005,0.03,History_Search
POL-USDT,4h,-0.0292,-0.1752,History_Search
POLYX-USDT,4h,-0.0223,-0.1338,History_Search
POPCAT-USDT,4h,0.005,0.03,History_Search
PORTAL-USDT,4h,0.005,0.03,History_Search
POWER-USDT,4h,0.005,0.03,History_Search
POWR-USDT,4h,0.0034999999999999996,0.020999999999999998,History_Search
PROM-USDT,4h,0.005,0.03,History_Search
PROMPT-USDT,4h,0.005,0.03,History_Search
PROVE-USDT,4h,0.005,0.03,History_Search
PSYOPANIME-USDT,4h,0.02,0.12,History_Search
PTB-USDT,4h,0.0261,0.15660000000000002,History_Search
PUFFER-USDT,4h,0.005,0.03,History_Search
PUMP-USDT,4h,0.005,0.03,History_Search
PUMPBTC-USDT,4h,0.0155,0.093,History_Search
PUNDIX-USDT,4h,0.005,0.03,History_Search
PYTH-USDT,4h,0.001,0.006,History_Search
Q-USDT,4h,0.005,0.03,History_Search
RARE-USDT,4h,0.005,0.03,History_Search
RATS-USDT,4h,0.0034999999999999996,0.020999999999999998,History_Search
RAVE-USDT,4h,0.032600000000000004,0.19560000000000002,History_Search
RECALL-USDT,4h,0.005,0.03,History_Search
REDSTONE-USDT,4h,0.0009,0.0054,History_Search
RENDER-USDT,4h,0.005,0.03,History_Search
RESOLV-USDT,4h,-0.14220000000000002,-0.8532000000000002,History_Search
REZ-USDT,4h,0.0034999999999999996,0.020999999999999998,History_Search
RLS-USDT,4h,0.005,0.03,History_Search
ROLL-USDT,4h,0.0089,0.0534,History_Search
RPL-USDT,4h,0.005,0.03,History_Search
RTX-USDT,4h,-0.02,-0.12,History_Search
RVN-USDT,4h,0.005,0.03,History_Search
RVV-USDT,4h,0.034699999999999995,0.20819999999999997,History_Search
S-USDT,4h,0.005,0.03,History_Search
SAFE-USDT,4h,0.005,0.03,History_Search
SAGA-USDT,4h,0.005,0.03,History_Search
SAHARA-USDT,4h,0.005,0.03,History_Search
SANTOS-USDT,4h,0.005,0.03,History_Search
SAPIEN-USDT,4h,0.005,0.03,History_Search
SCR-USDT,4h,0.005,0.03,History_Search
SCRT-USDT,4h,0.0034999999999999996,0.020999999999999998,History_Search
SHELL-USDT,4h,0.005,0.03,History_Search
SIGHT-USDT,4h,-0.02,-0.12,History_Search
SIGN-USDT,4h,0.0009,0.0054,History_Search
SIREN-USDT,4h,0.0034999999999999996,0.020999999999999998,History_Search
SKL-USDT,4h,0.005,0.03,History_Search
SKR-USDT,4h,0.005,0.03,History_Search
SKY-USDT,4h,0.005,0.03,History_Search
SKYAI-USDT,4h,0.0628,0.37679999999999997,History_Search
SLP-USDT,4h,0.005,0.03,History_Search
SOLTOMATO-USDT,4h,0.0084,0.0504,History_Search
SOLV-USDT,4h,0.005,0.03,History_Search
SOMI-USDT,4h,-0.0356,-0.2136,History_Search
SOON-USDT,4h,0.005,0.03,History_Search
SOPH-USDT,4h,-0.0887,-0.5322,History_Search
SPACECOIN-USDT,4h,0.005,0.03,History_Search
SPK-USDT,4h,0.005,0.03,History_Search
SPORTFUN-USDT,4h,0.005,0.03,History_Search
SPX-USDT,4h,0.005,0.03,History_Search
SQD-USDT,4h,0.005,0.03,History_Search
STABLE-USDT,4h,-0.0196,-0.1176,History_Search
STBL-USDT,4h,0.005,0.03,History_Search
STO-USDT,4h,0.005,0.03,History_Search
STORJ-USDT,4h,0.0034999999999999996,0.020999999999999998,History_Search
STRK-USDT,4h,0.005,0.03,History_Search
SUN-USDT,4h,0.005,0.03,History_Search
SUPER-USDT,4h,0.005,0.03,History_Search
SXT-USDT,4h,0.005,0.03,History_Search
SYN-USDT,4h,-0.0092,-0.0552,History_Search
SYRUP-USDT,4h,0.005,0.03,History_Search
TA-USDT,4h,0.005,0.03,History_Search
TAC-USDT,4h,0.005,0.03,History_Search
TAG-USDT,4h,0.005,0.03,History_Search
TAIKO-USDT,4h,0.0034999999999999996,0.020999999999999998,History_Search
TAKE-USDT,4h,0.005,0.03,History_Search
TAO-USDT,4h,0.005,0.03,History_Search
TEL-USDT,4h,-0.013999999999999999,-0.08399999999999999,History_Search
THE-USDT,4h,0.005,0.03,History_Search
THQ-USDT,4h,0.009899999999999999,0.059399999999999994,History_Search
TIA-USDT,4h,0.005,0.03,History_Search
TNSR-USDT,4h,0.005,0.03,History_Search
TONCOIN-USDT,4h,-0.0063,-0.0378,History_Search
TOSHI-USDT,4h,0.0009,0.0054,History_Search
TOWNS-USDT,4h,0.0034999999999999996,0.020999999999999998,History_Search
TRADOOR-USDT,4h,0.0095,0.056999999999999995,History_Search
TRB-USDT,4h,0.005,0.03,History_Search
TREE-USDT,4h,0.0009,0.0054,History_Search
TRUMPSOL-USDT,4h,-0.0073,-0.0438,History_Search
TRUST-USDT,4h,0.005,0.03,History_Search
TRUTH-USDT,4h,0.005,0.03,History_Search
TST-USDT,4h,0.005,0.03,History_Search
TURBO-USDT,4h,-0.00039999999999999996,-0.0024,History_Search
TURTLE-USDT,4h,0.005,0.03,History_Search
TUT-USDT,4h,0.005,0.03,History_Search
TWT-USDT,4h,0.005,0.03,History_Search
UAI-USDT,4h,-0.1083,-0.6497999999999999,History_Search
UB-USDT,4h,0.005,0.03,History_Search
ULTIMA-USDT,4h,-0.0083,-0.0498,History_Search
UMA-USDT,4h,0.005,0.03,History_Search
US-USDT,4h,0.0034999999999999996,0.020999999999999998,History_Search
USELESS-USDT,4h,0.005,0.03,History_Search
USUAL-USDT,4h,-0.0135,-0.081,History_Search
VANA-USDT,4h,0.005,0.03,History_Search
VANRY-USDT,4h,0.005,0.03,History_Search
VELODROME-USDT,4h,0.005,0.03,History_Search
VELVET-USDT,4h,0.005,0.03,History_Search
VIC-USDT,4h,0.005,0.03,History_Search
VINE-USDT,4h,0.005,0.03,History_Search
VIRTUAL-USDT,4h,0.005,0.03,History_Search
VVV-USDT,4h,0.005,0.03,History_Search
W-USDT,4h,0.005,0.03,History_Search
WAL-USDT,4h,-0.050100000000000006,-0.30060000000000003,History_Search
WCT-USDT,4h,-0.014899999999999998,-0.0894,History_Search
WET-USDT,4h,0.0009,0.0054,History_Search
WHITEWHALE-USDT,4h,-0.0777,-0.46620000000000006,History_Search
WIF-USDT,4h,0.0039,0.023399999999999997,History_Search
WLFI-USDT,4h,-0.0116,-0.0696,History_Search
WMTX-USDT,4h,-0.02,-0.12,History_Search
WOTAMALAILE-USDT,4h,-0.012799999999999999,-0.0768,History_Search
XAI-USDT,4h,0.005,0.03,History_Search
XAN-USDT,4h,0.005,0.03,History_Search
XAUT-USDT,4h,0.0322,0.19319999999999998,History_Search
XDC-USDT,4h,0.005,0.03,History_Search
XNY-USDT,4h,0.005,0.03,History_Search
XPIN-USDT,4h,0.005,0.03,History_Search
XPL-USDT,4h,0.005,0.03,History_Search
YALA-USDT,4h,0.1028,0.6168,History_Search
YB-USDT,4h,0.005,0.03,History_Search
YEE-USDT,4h,-0.02,-0.12,History_Search
YGG-USDT,4h,0.005,0.03,History_Search
ZAMA-USDT,4h,-0.0197,-0.1182,History_Search
ZBT-USDT,4h,0.005,0.03,History_Search
ZETA-USDT,4h,0.005,0.03,History_Search
ZKC-USDT,4h,-0.0707,-0.4242,History_Search
ZKJ-USDT,4h,0.0034999999999999996,0.020999999999999998,History_Search
ZORA-USDT,4h,-0.2592,-1.5552,History_Search
ZRO-USDT,4h,0.00039999999999999996,0.0024,History_Search
ZRX-USDT,4h,-0.0274,-0.1644,History_Search
ZTC-USDT,4h,-0.02,-0.12,History_Search
1000PEPE-USDT,8h,0.01,0.03,History_Search
1INCH-USDT,8h,0.01,0.03,History_Search
AAPLX-USDT,8h,0.006,0.018000000000000002,History_Search
AAVE-USDT,8h,0.0073999999999999995,0.022199999999999998,History_Search
ACH-USDT,8h,0.005,0.015,History_Search
ADA-USDT,8h,0.0039,0.011699999999999999,History_Search
AGLD-USDT,8h,0.01,0.03,History_Search
ALGO-USDT,8h,0.01,0.03,History_Search
ALICE-USDT,8h,0.01,0.03,History_Search
ALTCOIN-USDT,8h,0.01,0.03,History_Search
ANKR-USDT,8h,0.01,0.03,History_Search
APE-USDT,8h,0.0092,0.0276,History_Search
APT-USDT,8h,0.01,0.03,History_Search
AR-USDT,8h,0.01,0.03,History_Search
ARB-USDT,8h,0.01,0.03,History_Search
ARKM-USDT,8h,-0.0109,-0.0327,History_Search
ARPA-USDT,8h,-0.10540000000000001,-0.31620000000000004,History_Search
ASTR-USDT,8h,-0.3199,-0.9597,History_Search
ATOM-USDT,8h,-0.0019000000000000002,-0.0057,History_Search
AVAX-USDT,8h,-0.0057,-0.0171,History_Search
BAT-USDT,8h,0.0015999999999999999,0.0048,History_Search
BCH-USDT,8h,-0.0151,-0.0453,History_Search
BLAST-USDT,8h,-0.0914,-0.2742,History_Search
BLUR-USDT,8h,0.0013,0.0039,History_Search
BNB-USDT,8h,0.01,0.03,History_Search
BTC-USDT,8h,0.0026999999999999997,0.0081,History_Search
CELO-USDT,8h,0.01,0.03,History_Search
CFX-USDT,8h,0.01,0.03,History_Search
CHR-USDT,8h,0.01,0.03,History_Search
CHZ-USDT,8h,-0.0177,-0.0531,History_Search
CKB-USDT,8h,0.01,0.03,History_Search
COMP-USDT,8h,0.01,0.03,History_Search
CORE-USDT,8h,0.012,0.036000000000000004,History_Search
COTI-USDT,8h,0.01,0.03,History_Search
CRCLX-USDT,8h,0.006,0.018000000000000002,History_Search
CRO-USDT,8h,0.01,0.03,History_Search
CRV-USDT,8h,0.0033000000000000004,0.0099,History_Search
DARKHORSE-USDT,8h,-0.08,-0.24,History_Search
DASH-USDT,8h,0.01,0.03,History_Search
DOGE-USDT,8h,0.01,0.03,History_Search
DOT-USDT,8h,0.01,0.03,History_Search
DYDX-USDT,8h,0.01,0.03,History_Search
EDU-USDT,8h,0.01,0.03,History_Search
EGLD-USDT,8h,0.01,0.03,History_Search
ENJ-USDT,8h,-0.0505,-0.15150000000000002,History_Search
ENS-USDT,8h,0.01,0.03,History_Search
ETC-USDT,8h,-0.013300000000000001,-0.039900000000000005,History_Search
ETH-USDT,8h,-0.0012000000000000001,-0.0036000000000000003,History_Search
FET-USDT,8h,-0.0207,-0.0621,History_Search
FIL-USDT,8h,0.0060999999999999995,0.018299999999999997,History_Search
FLOKI-USDT,8h,0.005399999999999999,0.0162,History_Search
GALA-USDT,8h,0.01,0.03,History_Search
GMX-USDT,8h,0.01,0.03,History_Search
GRT-USDT,8h,0.0034,0.010199999999999999,History_Search
HBAR-USDT,8h,0.006600000000000001,0.0198,History_Search
HFT-USDT,8h,0.01,0.03,History_Search
HIGH-USDT,8h,0.0118,0.0354,History_Search
HOOK-USDT,8h,0.01,0.03,History_Search
ICP-USDT,8h,0.004,0.012,History_Search
ID-USDT,8h,0.01,0.03,History_Search
INJ-USDT,8h,0.0195,0.058499999999999996,History_Search
IOST-USDT,8h,0.01,0.03,History_Search
IOTA-USDT,8h,0.01,0.03,History_Search
JASMY-USDT,8h,-0.006600000000000001,-0.0198,History_Search
KNC-USDT,8h,0.01,0.03,History_Search
KSM-USDT,8h,0.01,0.03,History_Search
LDO-USDT,8h,0.01,0.03,History_Search
LINK-USDT,8h,0.0063,0.0189,History_Search
LQTY-USDT,8h,0.01,0.03,History_Search
LTC-USDT,8h,0.0043,0.0129,History_Search
MANA-USDT,8h,0.01,0.03,History_Search
MAV-USDT,8h,0.01,0.03,History_Search
METAX-USDT,8h,0.006,0.018000000000000002,History_Search
MINA-USDT,8h,0.01,0.03,History_Search
MNT-USDT,8h,0.001,0.003,History_Search
MTL-USDT,8h,0.0046,0.0138,History_Search
NCCOALUMINIUM2USD-USDT,8h,0.006,0.018000000000000002,History_Search
NCCOCOCOA2USD-USDT,8h,0.02,0.06,History_Search
NCCOCOFFEE2USD-USDT,8h,0.004,0.012,History_Search
NCCOCOPPER2USD-USDT,8h,0.004,0.012,History_Search
NCCOGASOLINE2USD-USDT,8h,0.004,0.012,History_Search
NCCOGOLD2USD-USDT,8h,0.004,0.012,History_Search
NCCOHEATINGOIL2USD-USDT,8h,0.006,0.018000000000000002,History_Search
NCCOLEAD2USD-USDT,8h,0.006,0.018000000000000002,History_Search
NCCONATURALGAS2USD-USDT,8h,-0.004,-0.012,History_Search
NCCONICKEL2USD-USDT,8h,0.006,0.018000000000000002,History_Search
NCCOOILBRENT2USD-USDT,8h,0.004,0.012,History_Search
NCCOOILWTI2USD-USDT,8h,0.004,0.012,History_Search
NCCOPALLADIUM2USD-USDT,8h,0.02,0.06,History_Search
NCCOSILVER2USD-USDT,8h,0.004,0.012,History_Search
NCCOSOYBEANS2USD-USDT,8h,0.006,0.018000000000000002,History_Search
NCCOZINC2USD-USDT,8h,0.006,0.018000000000000002,History_Search
NCFXAUD2JPY-USDT,8h,-0.004,-0.012,History_Search
NCFXCAD2JPY-USDT,8h,-0.004,-0.012,History_Search
NCFXEUR2CHF-USDT,8h,-0.004,-0.012,History_Search
NCFXEURSGD2USD-USDT,8h,0.006,0.018000000000000002,History_Search
NCFXGBP2CHF-USDT,8h,-0.004,-0.012,History_Search
NCFXGBPSGD2USD-USDT,8h,-0.02,-0.06,History_Search
NCFXNZD2JPY-USDT,8h,0.006,0.018000000000000002,History_Search
NCFXUSD2DKK-USDT,8h,0.006,0.018000000000000002,History_Search
NCFXUSD2ILS-USDT,8h,0.006,0.018000000000000002,History_Search
NCFXUSD2MXN-USDT,8h,0.006,0.018000000000000002,History_Search
NCFXUSD2NOK-USDT,8h,0.006,0.018000000000000002,History_Search
NCFXUSD2SEK-USDT,8h,0.006,0.018000000000000002,History_Search
NCFXUSD2TRY-USDT,8h,0.006,0.018000000000000002,History_Search
NCFXUSD2ZAR-USDT,8h,0.006,0.018000000000000002,History_Search
NCFXUSDBRL2USD-USDT,8h,0.006,0.018000000000000002,History_Search
NCFXUSDSGD2USD-USDT,8h,0.006,0.018000000000000002,History_Search
NCSIDOWJONES2USD-USDT,8h,-0.004,-0.012,History_Search
NCSINASDAQ1002USD-USDT,8h,-0.004,-0.012,History_Search
NCSINIKKEI2252USD-USDT,8h,-0.004,-0.012,History_Search
NCSIRUSSELL20002USD-USDT,8h,0.004,0.012,History_Search
NCSISP5002USD-USDT,8h,-0.004,-0.012,History_Search
NEAR-USDT,8h,0.01,0.03,History_Search
NEO-USDT,8h,0.01,0.03,History_Search
NVDAX-USDT,8h,0.006,0.018000000000000002,History_Search
ONE-USDT,8h,0.01,0.03,History_Search
OP-USDT,8h,0.01,0.03,History_Search
ORDER-USDT,8h,0.005,0.015,History_Search
OXT-USDT,8h,0.01,0.03,History_Search
PENDLE-USDT,8h,0.01,0.03,History_Search
PEOPLE-USDT,8h,0.01,0.03,History_Search
PHB-USDT,8h,0.01,0.03,History_Search
QNT-USDT,8h,0.01,0.03,History_Search
QTUM-USDT,8h,0.01,0.03,History_Search
RAY-USDT,8h,0.01,0.03,History_Search
RLC-USDT,8h,0.01,0.03,History_Search
ROSE-USDT,8h,-0.12,-0.36,History_Search
RSR-USDT,8h,0.01,0.03,History_Search
RUNE-USDT,8h,0.01,0.03,History_Search
SAND-USDT,8h,-0.007600000000000001,-0.0228,History_Search
SEI-USDT,8h,-0.0043,-0.0129,History_Search
SFP-USDT,8h,0.01,0.03,History_Search
SHIB-USDT,8h,-0.021,-0.063,History_Search
SNX-USDT,8h,0.01,0.03,History_Search
SOL-USDT,8h,-0.0045000000000000005,-0.013500000000000002,History_Search
SSV-USDT,8h,0.01,0.03,History_Search
STG-USDT,8h,0.006999999999999999,0.020999999999999998,History_Search
STX-USDT,8h,-0.0436,-0.1308,History_Search
SUI-USDT,8h,-0.00019999999999999998,-0.0006,History_Search
SUSHI-USDT,8h,0.01,0.03,History_Search
TAI-USDT,8h,0.01,0.03,History_Search
TFUEL-USDT,8h,0.013999999999999999,0.041999999999999996,History_Search
THETA-USDT,8h,0.01,0.03,History_Search
TLM-USDT,8h,-0.0419,-0.1257,History_Search
TRU-USDT,8h,0.01,0.03,History_Search
TRX-USDT,8h,-0.0092,-0.0276,History_Search
UNI-USDT,8h,0.0029,0.0087,History_Search
VET-USDT,8h,0.01,0.03,History_Search
WAVES-USDT,8h,-0.0335,-0.1005,History_Search
WLD-USDT,8h,-0.0104,-0.0312,History_Search
WOO-USDT,8h,0.01,0.03,History_Search
XLM-USDT,8h,0.01,0.03,History_Search
XMR-USDT,8h,0.01,0.03,History_Search
XRP-USDT,8h,0.0026999999999999997,0.0081,History_Search
YFI-USDT,8h,0.01,0.03,History_Search
ZBCN-USDT,8h,0.01,0.03,History_Search
ZEC-USDT,8h,0.01,0.03,History_Search
ZEN-USDT,8h,-0.013300000000000001,-0.039900000000000005,History_Search
