Symbol,Interval,symbol_api,interval_s_B,symbol,fundingRate,nextFundingTime,lastPr,nextFundingTime_ms_A,remaining_s_A,in_range_strict,in_range_tol,flag_missing_A,flag_negative_A,flag_too_large_A,checked_at_jst,catalog_file
PIPPIN-USDT,1h,PIPPINUSDT,3600,PIPPINUSDT,0.00005,,0.17688,,,False,False,True,False,False,2026-02-02 23:15:05,bitget_true_catalog_0131_0704.csv
PYR-USDT,1h,PYRUSDT,3600,PYRUSDT,0.000013,,0.357,,,False,False,True,False,False,2026-02-02 23:15:05,bitget_true_catalog_0131_0704.csv
RIVER-USDT,1h,RIVERUSDT,3600,RIVERUSDT,-0.000002,,23.666,,,False,False,True,False,False,2026-02-02 23:15:05,bitget_true_catalog_0131_0704.csv
SENT-USDT,1h,SENTUSDT,3600,SENTUSDT,-0.000831,,0.03468,,,False,False,True,False,False,2026-02-02 23:15:05,bitget_true_catalog_0131_0704.csv
SNT-USDT,1h,SNTUSDT,3600,SNTUSDT,0.000013,,0.0126,,,False,False,True,False,False,2026-02-02 23:15:05,bitget_true_catalog_0131_0704.csv
0G-USDT,4h,0GUSDT,14400,0GUSDT,-0.000394,,0.6149,,,False,False,True,False,False,2026-02-02 23:15:05,bitget_true_catalog_0131_0704.csv
1000000MOG-USDT,4h,1000000MOGUSDT,14400,1000000MOGUSDT,0.00005,,0.1894,,,False,False,True,False,False,2026-02-02 23:15:05,bitget_true_catalog_0131_0704.csv
1000BONK-USDT,4h,1000BONKUSDT,14400,1000BONKUSDT,-0.000006,,0.007133,,,False,False,True,False,False,2026-02-02 23:15:05,bitget_true_catalog_0131_0704.csv
1000CAT-USDT,4h,1000CATUSDT,14400,1000CATUSDT,0.00005,,0.002072,,,False,False,True,False,False,2026-02-02 23:15:05,bitget_true_catalog_0131_0704.csv
1000RATS-USDT,4h,1000RATSUSDT,14400,1000RATSUSDT,0.00005,,0.06618,,,False,False,True,False,False,2026-02-02 23:15:05,bitget_true_catalog_0131_0704.csv
1000SATS-USDT,4h,1000SATSUSDT,14400,1000SATSUSDT,0.00005,,0.00001263,,,False,False,True,False,False,2026-02-02 23:15:05,bitget_true_catalog_0131_0704.csv
1MBABYDOGE-USDT,4h,1MBABYDOGEUSDT,14400,1MBABYDOGEUSDT,0.00005,,0.000468,,,False,False,True,False,False,2026-02-02 23:15:05,bitget_true_catalog_0131_0704.csv
1MCHEEMS-USDT,4h,1MCHEEMSUSDT,14400,1MCHEEMSUSDT,0.00005,,0.6466,,,False,False,True,False,False,2026-02-02 23:15:05,bitget_true_catalog_0131_0704.csv
2Z-USDT,4h,2ZUSDT,14400,2ZUSDT,-0.000267,,0.10765,,,False,False,True,False,False,2026-02-02 23:15:05,bitget_true_catalog_0131_0704.csv
4-USDT,4h,4USDT,14400,4USDT,0.00005,,0.01222,,,False,False,True,False,False,2026-02-02 23:15:05,bitget_true_catalog_0131_0704.csv
A-USDT,4h,AUSDT,14400,AUSDT,0.00005,,0.09448,,,False,False,True,False,False,2026-02-02 23:15:05,bitget_true_catalog_0131_0704.csv
A2Z-USDT,4h,A2ZUSDT,14400,A2ZUSDT,0.00005,,0.001107,,,False,False,True,False,False,2026-02-02 23:15:05,bitget_true_catalog_0131_0704.csv
AAPL-USDT,4h,AAPLUSDT,14400,AAPLUSDT,0.00005,,258.06,,,False,False,True,False,False,2026-02-02 23:15:05,bitget_true_catalog_0131_0704.csv
ACE-USDT,4h,ACEUSDT,14400,ACEUSDT,0.00005,,0.2032,,,False,False,True,False,False,2026-02-02 23:15:05,bitget_true_catalog_0131_0704.csv
ACN-USDT,4h,ACNUSDT,14400,ACNUSDT,0.00005,,262.7,,,False,False,True,False,False,2026-02-02 23:15:05,bitget_true_catalog_0131_0704.csv
ACT-USDT,4h,ACTUSDT,14400,ACTUSDT,-0.00048,,0.0153,,,False,False,True,False,False,2026-02-02 23:15:05,bitget_true_catalog_0131_0704.csv
ACU-USDT,4h,ACUUSDT,14400,ACUUSDT,0.00005,,0.16767,,,False,False,True,False,False,2026-02-02 23:15:05,bitget_true_catalog_0131_0704.csv
ACX-USDT,4h,ACXUSDT,14400,ACXUSDT,0.00005,,0.04015,,,False,False,True,False,False,2026-02-02 23:15:05,bitget_true_catalog_0131_0704.csv
AERGO-USDT,4h,AERGOUSDT,14400,AERGOUSDT,-0.000077,,0.05355,,,False,False,True,False,False,2026-02-02 23:15:05,bitget_true_catalog_0131_0704.csv
AERO-USDT,4h,AEROUSDT,14400,AEROUSDT,0.00005,,0.3905,,,False,False,True,False,False,2026-02-02 23:15:05,bitget_true_catalog_0131_0704.csv
AEVO-USDT,4h,AEVOUSDT,14400,AEVOUSDT,0.00005,,0.02865,,,False,False,True,False,False,2026-02-02 23:15:05,bitget_true_catalog_0131_0704.csv
AGI-USDT,4h,AGIUSDT,14400,AGIUSDT,0.00005,,0.0128,,,False,False,True,False,False,2026-02-02 23:15:05,bitget_true_catalog_0131_0704.csv
AI-USDT,4h,AIUSDT,14400,AIUSDT,0.00005,,0.02665,,,False,False,True,False,False,2026-02-02 23:15:05,bitget_true_catalog_0131_0704.csv
AIN-USDT,4h,AINUSDT,14400,AINUSDT,0.00005,,0.03992,,,False,False,True,False,False,2026-02-02 23:15:05,bitget_true_catalog_0131_0704.csv
AIO-USDT,4h,AIOUSDT,14400,AIOUSDT,0.00005,,0.16499,,,False,False,True,False,False,2026-02-02 23:15:05,bitget_true_catalog_0131_0704.csv
AIXBT-USDT,4h,AIXBTUSDT,14400,AIXBTUSDT,0.00005,,0.02387,,,False,False,True,False,False,2026-02-02 23:15:05,bitget_true_catalog_0131_0704.csv
AKT-USDT,4h,AKTUSDT,14400,AKTUSDT,0.00005,,0.3705,,,False,False,True,False,False,2026-02-02 23:15:05,bitget_true_catalog_0131_0704.csv
ALCH-USDT,4h,ALCHUSDT,14400,ALCHUSDT,0.00005,,0.08494,,,False,False,True,False,False,2026-02-02 23:15:05,bitget_true_catalog_0131_0704.csv
ALLO-USDT,4h,ALLOUSDT,14400,ALLOUSDT,0.00005,,0.0666,,,False,False,True,False,False,2026-02-02 23:15:05,bitget_true_catalog_0131_0704.csv
ALT-USDT,4h,ALTUSDT,14400,ALTUSDT,0.00005,,0.00947,,,False,False,True,False,False,2026-02-02 23:15:05,bitget_true_catalog_0131_0704.csv
AMZN-USDT,4h,AMZNUSDT,14400,AMZNUSDT,0.00005,,238.61,,,False,False,True,False,False,2026-02-02 23:15:05,bitget_true_catalog_0131_0704.csv
ANIME-USDT,4h,ANIMEUSDT,14400,ANIMEUSDT,-0.003861,,0.006066,,,False,False,True,False,False,2026-02-02 23:15:05,bitget_true_catalog_0131_0704.csv
API3-USDT,4h,API3USDT,14400,API3USDT,0.00005,,0.3365,,,False,False,True,False,False,2026-02-02 23:15:05,bitget_true_catalog_0131_0704.csv
APP-USDT,4h,APPUSDT,14400,APPUSDT,-0.000943,,500.59,,,False,False,True,False,False,2026-02-02 23:15:05,bitget_true_catalog_0131_0704.csv
APR-USDT,4h,APRUSDT,14400,APRUSDT,0.00005,,0.08196,,,False,False,True,False,False,2026-02-02 23:15:05,bitget_true_catalog_0131_0704.csv
ARC-USDT,4h,ARCUSDT,14400,ARCUSDT,0.00005,,0.04531,,,False,False,True,False,False,2026-02-02 23:15:05,bitget_true_catalog_0131_0704.csv
ARIA-USDT,4h,ARIAUSDT,14400,ARIAUSDT,0.00005,,0.06457,,,False,False,True,False,False,2026-02-02 23:15:05,bitget_true_catalog_0131_0704.csv
ARK-USDT,4h,ARKUSDT,14400,ARKUSDT,-0.001975,,0.2146,,,False,False,True,False,False,2026-02-02 23:15:05,bitget_true_catalog_0131_0704.csv
ARM-USDT,4h,ARMUSDT,14400,ARMUSDT,0.00005,,104.76,,,False,False,True,False,False,2026-02-02 23:15:05,bitget_true_catalog_0131_0704.csv
ASML-USDT,4h,ASMLUSDT,14400,ASMLUSDT,0.00005,,1409.93,,,False,False,True,False,False,2026-02-02 23:15:05,bitget_true_catalog_0131_0704.csv
ASR-USDT,4h,ASRUSDT,14400,ASRUSDT,0.00005,,1.442,,,False,False,True,False,False,2026-02-02 23:15:05,bitget_true_catalog_0131_0704.csv
ASTER-USDT,4h,ASTERUSDT,14400,ASTERUSDT,-0.000015,,0.5574,,,False,False,True,False,False,2026-02-02 23:15:05,bitget_true_catalog_0131_0704.csv
AT-USDT,4h,ATUSDT,14400,ATUSDT,0.00005,,0.1602,,,False,False,True,False,False,2026-02-02 23:15:05,bitget_true_catalog_0131_0704.csv
ATH-USDT,4h,ATHUSDT,14400,ATHUSDT,0.00005,,0.00703,,,False,False,True,False,False,2026-02-02 23:15:05,bitget_true_catalog_0131_0704.csv
AUCTION-USDT,4h,AUCTIONUSDT,14400,AUCTIONUSDT,-0.00163,,5.116,,,False,False,True,False,False,2026-02-02 23:15:05,bitget_true_catalog_0131_0704.csv
AVA-USDT,4h,AVAUSDT,14400,AVAUSDT,0.00005,,0.2683,,,False,False,True,False,False,2026-02-02 23:15:05,bitget_true_catalog_0131_0704.csv
AVNT-USDT,4h,AVNTUSDT,14400,AVNTUSDT,0.00005,,0.24227,,,False,False,True,False,False,2026-02-02 23:15:05,bitget_true_catalog_0131_0704.csv
AWE-USDT,4h,AWEUSDT,14400,AWEUSDT,0.00005,,0.057416,,,False,False,True,False,False,2026-02-02 23:15:05,bitget_true_catalog_0131_0704.csv
AXL-USDT,4h,AXLUSDT,14400,AXLUSDT,0.000023,,0.0605,,,False,False,True,False,False,2026-02-02 23:15:05,bitget_true_catalog_0131_0704.csv
AXS-USDT,4h,AXSUSDT,14400,AXSUSDT,-0.000494,,1.63,,,False,False,True,False,False,2026-02-02 23:15:05,bitget_true_catalog_0131_0704.csv
B-USDT,4h,BUSDT,14400,BUSDT,0.00005,,0.1866,,,False,False,True,False,False,2026-02-02 23:15:05,bitget_true_catalog_0131_0704.csv
B2-USDT,4h,B2USDT,14400,B2USDT,0.00005,,0.8212,,,False,False,True,False,False,2026-02-02 23:15:05,bitget_true_catalog_0131_0704.csv
B3-USDT,4h,B3USDT,14400,B3USDT,0.00005,,0.000624,,,False,False,True,False,False,2026-02-02 23:15:05,bitget_true_catalog_0131_0704.csv
BABA-USDT,4h,BABAUSDT,14400,BABAUSDT,0.00005,,168.78,,,False,False,True,False,False,2026-02-02 23:15:05,bitget_true_catalog_0131_0704.csv
BABY-USDT,4h,BABYUSDT,14400,BABYUSDT,0.00005,,0.01634,,,False,False,True,False,False,2026-02-02 23:15:05,bitget_true_catalog_0131_0704.csv
BAN-USDT,4h,BANUSDT,14400,BANUSDT,0.00005,,0.07178,,,False,False,True,False,False,2026-02-02 23:15:05,bitget_true_catalog_0131_0704.csv
BANANA-USDT,4h,BANANAUSDT,14400,BANANAUSDT,-0.000216,,4.84,,,False,False,True,False,False,2026-02-02 23:15:05,bitget_true_catalog_0131_0704.csv
BANANAS31-USDT,4h,BANANAS31USDT,14400,BANANAS31USDT,0.00005,,0.003602,,,False,False,True,False,False,2026-02-02 23:15:05,bitget_true_catalog_0131_0704.csv
BANK-USDT,4h,BANKUSDT,14400,BANKUSDT,0.00005,,0.04211,,,False,False,True,False,False,2026-02-02 23:15:05,bitget_true_catalog_0131_0704.csv
BARD-USDT,4h,BARDUSDT,14400,BARDUSDT,0.00005,,0.6713,,,False,False,True,False,False,2026-02-02 23:15:05,bitget_true_catalog_0131_0704.csv
BAS-USDT,4h,BASUSDT,14400,BASUSDT,0.00005,,0.003517,,,False,False,True,False,False,2026-02-02 23:15:05,bitget_true_catalog_0131_0704.csv
BB-USDT,4h,BBUSDT,14400,BBUSDT,0.00005,,0.03701,,,False,False,True,False,False,2026-02-02 23:15:05,bitget_true_catalog_0131_0704.csv
BEAM-USDT,4h,BEAMUSDT,14400,BEAMUSDT,0.00005,,0.002603,,,False,False,True,False,False,2026-02-02 23:15:05,bitget_true_catalog_0131_0704.csv
BEAT-USDT,4h,BEATUSDT,14400,BEATUSDT,-0.000238,,0.18328,,,False,False,True,False,False,2026-02-02 23:15:05,bitget_true_catalog_0131_0704.csv
BERA-USDT,4h,BERAUSDT,14400,BERAUSDT,0.000023,,0.4564,,,False,False,True,False,False,2026-02-02 23:15:05,bitget_true_catalog_0131_0704.csv
BGSC-USDT,4h,BGSCUSDT,14400,BGSCUSDT,0.00005,,0.000665,,,False,False,True,False,False,2026-02-02 23:15:05,bitget_true_catalog_0131_0704.csv
BIGTIME-USDT,4h,BIGTIMEUSDT,14400,BIGTIMEUSDT,0.00005,,0.01745,,,False,False,True,False,False,2026-02-02 23:15:05,bitget_true_catalog_0131_0704.csv
BIO-USDT,4h,BIOUSDT,14400,BIOUSDT,0.00005,,0.03213,,,False,False,True,False,False,2026-02-02 23:15:05,bitget_true_catalog_0131_0704.csv
BIRB-USDT,4h,BIRBUSDT,14400,BIRBUSDT,0.00005,,0.23207,,,False,False,True,False,False,2026-02-02 23:15:05,bitget_true_catalog_0131_0704.csv
BLESS-USDT,4h,BLESSUSDT,14400,BLESSUSDT,0.00005,,0.005898,,,False,False,True,False,False,2026-02-02 23:15:05,bitget_true_catalog_0131_0704.csv
BMT-USDT,4h,BMTUSDT,14400,BMTUSDT,0.00005,,0.01817,,,False,False,True,False,False,2026-02-02 23:15:05,bitget_true_catalog_0131_0704.csv
BOB-USDT,4h,BOBUSDT,14400,BOBUSDT,0.00005,,0.00821,,,False,False,True,False,False,2026-02-02 23:15:05,bitget_true_catalog_0131_0704.csv
BOME-USDT,4h,BOMEUSDT,14400,BOMEUSDT,0.00005,,0.0004734,,,False,False,True,False,False,2026-02-02 23:15:05,bitget_true_catalog_0131_0704.csv
BR-USDT,4h,BRUSDT,14400,BRUSDT,0.00005,,0.0566,,,False,False,True,False,False,2026-02-02 23:15:05,bitget_true_catalog_0131_0704.csv
BRETT-USDT,4h,BRETTUSDT,14400,BRETTUSDT,0.00005,,0.00956,,,False,False,True,False,False,2026-02-02 23:15:05,bitget_true_catalog_0131_0704.csv
BREV-USDT,4h,BREVUSDT,14400,BREVUSDT,0.00005,,0.1497,,,False,False,True,False,False,2026-02-02 23:15:05,bitget_true_catalog_0131_0704.csv
BROCCOLI-USDT,4h,BROCCOLIUSDT,14400,BROCCOLIUSDT,-0.000573,,0.01522,,,False,False,True,False,False,2026-02-02 23:15:05,bitget_true_catalog_0131_0704.csv
BSU-USDT,4h,BSUUSDT,14400,BSUUSDT,0.00005,,0.13336,,,False,False,True,False,False,2026-02-02 23:15:05,bitget_true_catalog_0131_0704.csv
BSV-USDT,4h,BSVUSDT,14400,BSVUSDT,0.00005,,15.49,,,False,False,True,False,False,2026-02-02 23:15:05,bitget_true_catalog_0131_0704.csv
C-USDT,4h,CUSDT,14400,CUSDT,0.00005,,0.06168,,,False,False,True,False,False,2026-02-02 23:15:05,bitget_true_catalog_0131_0704.csv
CAKE-USDT,4h,CAKEUSDT,14400,CAKEUSDT,0.00004,,1.5387,,,False,False,True,False,False,2026-02-02 23:15:05,bitget_true_catalog_0131_0704.csv
CAMP-USDT,4h,CAMPUSDT,14400,CAMPUSDT,0.00005,,0.00495,,,False,False,True,False,False,2026-02-02 23:15:05,bitget_true_catalog_0131_0704.csv
CARV-USDT,4h,CARVUSDT,14400,CARVUSDT,0.00005,,0.0726,,,False,False,True,False,False,2026-02-02 23:15:05,bitget_true_catalog_0131_0704.csv
CATI-USDT,4h,CATIUSDT,14400,CATIUSDT,0.00005,,0.0475,,,False,False,True,False,False,2026-02-02 23:15:05,bitget_true_catalog_0131_0704.csv
CETUS-USDT,4h,CETUSUSDT,14400,CETUSUSDT,0.00005,,0.01823,,,False,False,True,False,False,2026-02-02 23:15:05,bitget_true_catalog_0131_0704.csv
CGPT-USDT,4h,CGPTUSDT,14400,CGPTUSDT,0.00005,,0.02422,,,False,False,True,False,False,2026-02-02 23:15:05,bitget_true_catalog_0131_0704.csv
CHILLGUY-USDT,4h,CHILLGUYUSDT,14400,CHILLGUYUSDT,0.00005,,0.01206,,,False,False,True,False,False,2026-02-02 23:15:05,bitget_true_catalog_0131_0704.csv
CLANKER-USDT,4h,CLANKERUSDT,14400,CLANKERUSDT,0.00005,,33.19,,,False,False,True,False,False,2026-02-02 23:15:05,bitget_true_catalog_0131_0704.csv
CLO-USDT,4h,CLOUSDT,14400,CLOUSDT,-0.000369,,0.1615,,,False,False,True,False,False,2026-02-02 23:15:05,bitget_true_catalog_0131_0704.csv
COAI-USDT,4h,COAIUSDT,14400,COAIUSDT,0.000189,,0.2709,,,False,False,True,False,False,2026-02-02 23:15:05,bitget_true_catalog_0131_0704.csv
COIN-USDT,4h,COINUSDT,14400,COINUSDT,0.001078,,188.28,,,False,False,True,False,False,2026-02-02 23:15:05,bitget_true_catalog_0131_0704.csv
COOKIE-USDT,4h,COOKIEUSDT,14400,COOKIEUSDT,0.00005,,0.02277,,,False,False,True,False,False,2026-02-02 23:15:05,bitget_true_catalog_0131_0704.csv
COW-USDT,4h,COWUSDT,14400,COWUSDT,0.00005,,0.1624,,,False,False,True,False,False,2026-02-02 23:15:05,bitget_true_catalog_0131_0704.csv
CRCL-USDT,4h,CRCLUSDT,14400,CRCLUSDT,0.000476,,62.41,,,False,False,True,False,False,2026-02-02 23:15:05,bitget_true_catalog_0131_0704.csv
CROSS-USDT,4h,CROSSUSDT,14400,CROSSUSDT,0.00005,,0.11285,,,False,False,True,False,False,2026-02-02 23:15:05,bitget_true_catalog_0131_0704.csv
CSCO-USDT,4h,CSCOUSDT,14400,CSCOUSDT,0.00005,,78.27,,,False,False,True,False,False,2026-02-02 23:15:05,bitget_true_catalog_0131_0704.csv
CTC-USDT,4h,CTCUSDT,14400,CTCUSDT,0.00005,,0.189,,,False,False,True,False,False,2026-02-02 23:15:05,bitget_true_catalog_0131_0704.csv
CTK-USDT,4h,CTKUSDT,14400,CTKUSDT,0.00005,,0.2227,,,False,False,True,False,False,2026-02-02 23:15:05,bitget_true_catalog_0131_0704.csv
CVC-USDT,4h,CVCUSDT,14400,CVCUSDT,-0.000416,,0.03544,,,False,False,True,False,False,2026-02-02 23:15:05,bitget_true_catalog_0131_0704.csv
CVX-USDT,4h,CVXUSDT,14400,CVXUSDT,-0.000327,,1.827,,,False,False,True,False,False,2026-02-02 23:15:05,bitget_true_catalog_0131_0704.csv
CYBER-USDT,4h,CYBERUSDT,14400,CYBERUSDT,-0.000153,,0.5693,,,False,False,True,False,False,2026-02-02 23:15:05,bitget_true_catalog_0131_0704.csv
CYS-USDT,4h,CYSUSDT,14400,CYSUSDT,0.00005,,0.3258,,,False,False,True,False,False,2026-02-02 23:15:05,bitget_true_catalog_0131_0704.csv
DEEP-USDT,4h,DEEPUSDT,14400,DEEPUSDT,0.00005,,0.02778,,,False,False,True,False,False,2026-02-02 23:15:05,bitget_true_catalog_0131_0704.csv
DEGEN-USDT,4h,DEGENUSDT,14400,DEGENUSDT,0.00005,,0.000817,,,False,False,True,False,False,2026-02-02 23:15:05,bitget_true_catalog_0131_0704.csv
DEXE-USDT,4h,DEXEUSDT,14400,DEXEUSDT,0.00005,,2.479,,,False,False,True,False,False,2026-02-02 23:15:05,bitget_true_catalog_0131_0704.csv
DF-USDT,4h,DFUSDT,14400,DFUSDT,0.00005,,0.00765,,,False,False,True,False,False,2026-02-02 23:15:05,bitget_true_catalog_0131_0704.csv
DIA-USDT,4h,DIAUSDT,14400,DIAUSDT,0.00005,,0.2233,,,False,False,True,False,False,2026-02-02 23:15:05,bitget_true_catalog_0131_0704.csv
DOGS-USDT,4h,DOGSUSDT,14400,DOGSUSDT,0.00005,,0.00003092,,,False,False,True,False,False,2026-02-02 23:15:05,bitget_true_catalog_0131_0704.csv
DOLO-USDT,4h,DOLOUSDT,14400,DOLOUSDT,0.00005,,0.03614,,,False,False,True,False,False,2026-02-02 23:15:05,bitget_true_catalog_0131_0704.csv
DOOD-USDT,4h,DOODUSDT,14400,DOODUSDT,0.00005,,0.004267,,,False,False,True,False,False,2026-02-02 23:15:05,bitget_true_catalog_0131_0704.csv
DRIFT-USDT,4h,DRIFTUSDT,14400,DRIFTUSDT,0.00005,,0.1077,,,False,False,True,False,False,2026-02-02 23:15:05,bitget_true_catalog_0131_0704.csv
DYM-USDT,4h,DYMUSDT,14400,DYMUSDT,0.00005,,0.04653,,,False,False,True,False,False,2026-02-02 23:15:05,bitget_true_catalog_0131_0704.csv
EDEN-USDT,4h,EDENUSDT,14400,EDENUSDT,0.00005,,0.04152,,,False,False,True,False,False,2026-02-02 23:15:05,bitget_true_catalog_0131_0704.csv
EIGEN-USDT,4h,EIGENUSDT,14400,EIGENUSDT,0.00005,,0.2575,,,False,False,True,False,False,2026-02-02 23:15:05,bitget_true_catalog_0131_0704.csv
ELSA-USDT,4h,ELSAUSDT,14400,ELSAUSDT,-0.001102,,0.08722,,,False,False,True,False,False,2026-02-02 23:15:05,bitget_true_catalog_0131_0704.csv
ENA-USDT,4h,ENAUSDT,14400,ENAUSDT,0.00005,,0.1392,,,False,False,True,False,False,2026-02-02 23:15:05,bitget_true_catalog_0131_0704.csv
ENSO-USDT,4h,ENSOUSDT,14400,ENSOUSDT,-0.001112,,1.0869,,,False,False,True,False,False,2026-02-02 23:15:05,bitget_true_catalog_0131_0704.csv
EPIC-USDT,4h,EPICUSDT,14400,EPICUSDT,0.00005,,0.4077,,,False,False,True,False,False,2026-02-02 23:15:05,bitget_true_catalog_0131_0704.csv
ERA-USDT,4h,ERAUSDT,14400,ERAUSDT,0.000007,,0.1666,,,False,False,True,False,False,2026-02-02 23:15:05,bitget_true_catalog_0131_0704.csv
ESPORTS-USDT,4h,ESPORTSUSDT,14400,ESPORTSUSDT,0.00005,,0.44346,,,False,False,True,False,False,2026-02-02 23:15:05,bitget_true_catalog_0131_0704.csv
ETHFI-USDT,4h,ETHFIUSDT,14400,ETHFIUSDT,0.00005,,0.4939,,,False,False,True,False,False,2026-02-02 23:15:05,bitget_true_catalog_0131_0704.csv
ETHW-USDT,4h,ETHWUSDT,14400,ETHWUSDT,0.00005,,0.392,,,False,False,True,False,False,2026-02-02 23:15:05,bitget_true_catalog_0131_0704.csv
EUL-USDT,4h,EULUSDT,14400,EULUSDT,0.00005,,1.369,,,False,False,True,False,False,2026-02-02 23:15:05,bitget_true_catalog_0131_0704.csv
F-USDT,4h,FUSDT,14400,FUSDT,-0.015197,,0.00633,,,False,False,True,False,False,2026-02-02 23:15:05,bitget_true_catalog_0131_0704.csv
FARTCOIN-USDT,4h,FARTCOINUSDT,14400,FARTCOINUSDT,0.00005,,0.2231,,,False,False,True,False,False,2026-02-02 23:15:05,bitget_true_catalog_0131_0704.csv
FF-USDT,4h,FFUSDT,14400,FFUSDT,-0.000216,,0.07831,,,False,False,True,False,False,2026-02-02 23:15:05,bitget_true_catalog_0131_0704.csv
FIDA-USDT,4h,FIDAUSDT,14400,FIDAUSDT,-0.000013,,0.02137,,,False,False,True,False,False,2026-02-02 23:15:05,bitget_true_catalog_0131_0704.csv
FIGHT-USDT,4h,FIGHTUSDT,14400,FIGHTUSDT,-0.00088,,0.005737,,,False,False,True,False,False,2026-02-02 23:15:05,bitget_true_catalog_0131_0704.csv
FLOCK-USDT,4h,FLOCKUSDT,14400,FLOCKUSDT,0.00005,,0.0617,,,False,False,True,False,False,2026-02-02 23:15:05,bitget_true_catalog_0131_0704.csv
FLOW-USDT,4h,FLOWUSDT,14400,FLOWUSDT,0.00005,,0.05615,,,False,False,True,False,False,2026-02-02 23:15:05,bitget_true_catalog_0131_0704.csv
FLUID-USDT,4h,FLUIDUSDT,14400,FLUIDUSDT,0.00005,,2.6,,,False,False,True,False,False,2026-02-02 23:15:05,bitget_true_catalog_0131_0704.csv
FLUX-USDT,4h,FLUXUSDT,14400,FLUXUSDT,0.00005,,0.0813,,,False,False,True,False,False,2026-02-02 23:15:05,bitget_true_catalog_0131_0704.csv
FOGO-USDT,4h,FOGOUSDT,14400,FOGOUSDT,-0.000021,,0.03319,,,False,False,True,False,False,2026-02-02 23:15:05,bitget_true_catalog_0131_0704.csv
FOLKS-USDT,4h,FOLKSUSDT,14400,FOLKSUSDT,0.00005,,1.5138,,,False,False,True,False,False,2026-02-02 23:15:05,bitget_true_catalog_0131_0704.csv
FORM-USDT,4h,FORMUSDT,14400,FORMUSDT,0.00005,,0.2526,,,False,False,True,False,False,2026-02-02 23:15:05,bitget_true_catalog_0131_0704.csv
FORTH-USDT,4h,FORTHUSDT,14400,FORTHUSDT,0.00005,,1.3993,,,False,False,True,False,False,2026-02-02 23:15:05,bitget_true_catalog_0131_0704.csv
FRAX-USDT,4h,FRAXUSDT,14400,FRAXUSDT,-0.001006,,0.78241,,,False,False,True,False,False,2026-02-02 23:15:05,bitget_true_catalog_0131_0704.csv
FUN-USDT,4h,FUNUSDT,14400,FUNUSDT,0.00005,,0.03611,,,False,False,True,False,False,2026-02-02 23:15:05,bitget_true_catalog_0131_0704.csv
FUNTOKEN-USDT,4h,FUNTOKENUSDT,14400,FUNTOKENUSDT,-0.000567,,0.001175,,,False,False,True,False,False,2026-02-02 23:15:05,bitget_true_catalog_0131_0704.csv
FUTU-USDT,4h,FUTUUSDT,14400,FUTUUSDT,0.00005,,162.33,,,False,False,True,False,False,2026-02-02 23:15:05,bitget_true_catalog_0131_0704.csv
G-USDT,4h,GUSDT,14400,GUSDT,-0.00055,,0.003822,,,False,False,True,False,False,2026-02-02 23:15:05,bitget_true_catalog_0131_0704.csv
GAS-USDT,4h,GASUSDT,14400,GASUSDT,-0.001795,,1.83,,,False,False,True,False,False,2026-02-02 23:15:05,bitget_true_catalog_0131_0704.csv
GE-USDT,4h,GEUSDT,14400,GEUSDT,0.00005,,306.99,,,False,False,True,False,False,2026-02-02 23:15:05,bitget_true_catalog_0131_0704.csv
GIGA-USDT,4h,GIGAUSDT,14400,GIGAUSDT,-0.000011,,0.002463,,,False,False,True,False,False,2026-02-02 23:15:05,bitget_true_catalog_0131_0704.csv
GIGGLE-USDT,4h,GIGGLEUSDT,14400,GIGGLEUSDT,0.00005,,36.55,,,False,False,True,False,False,2026-02-02 23:15:05,bitget_true_catalog_0131_0704.csv
GLM-USDT,4h,GLMUSDT,14400,GLMUSDT,0.00005,,0.2069,,,False,False,True,False,False,2026-02-02 23:15:05,bitget_true_catalog_0131_0704.csv
GME-USDT,4h,GMEUSDT,14400,GMEUSDT,0.00005,,24.28,,,False,False,True,False,False,2026-02-02 23:15:05,bitget_true_catalog_0131_0704.csv
GMT-USDT,4h,GMTUSDT,14400,GMTUSDT,-0.000193,,0.01417,,,False,False,True,False,False,2026-02-02 23:15:05,bitget_true_catalog_0131_0704.csv
GOAT-USDT,4h,GOATUSDT,14400,GOATUSDT,0.00005,,0.02574,,,False,False,True,False,False,2026-02-02 23:15:05,bitget_true_catalog_0131_0704.csv
GOOGL-USDT,4h,GOOGLUSDT,14400,GOOGLUSDT,0.00005,,338.35,,,False,False,True,False,False,2026-02-02 23:15:05,bitget_true_catalog_0131_0704.csv
GPS-USDT,4h,GPSUSDT,14400,GPSUSDT,-0.006499,,0.007902,,,False,False,True,False,False,2026-02-02 23:15:05,bitget_true_catalog_0131_0704.csv
GRASS-USDT,4h,GRASSUSDT,14400,GRASSUSDT,0.00005,,0.2088,,,False,False,True,False,False,2026-02-02 23:15:05,bitget_true_catalog_0131_0704.csv
GRIFFAIN-USDT,4h,GRIFFAINUSDT,14400,GRIFFAINUSDT,0.00005,,0.01091,,,False,False,True,False,False,2026-02-02 23:15:05,bitget_true_catalog_0131_0704.csv
GUN-USDT,4h,GUNUSDT,14400,GUNUSDT,0.00005,,0.02813,,,False,False,True,False,False,2026-02-02 23:15:05,bitget_true_catalog_0131_0704.csv
GWEI-USDT,4h,GWEIUSDT,14400,GWEIUSDT,0.00005,,0.03364,,,False,False,True,False,False,2026-02-02 23:15:05,bitget_true_catalog_0131_0704.csv
H-USDT,4h,HUSDT,14400,HUSDT,0.00005,,0.1096,,,False,False,True,False,False,2026-02-02 23:15:05,bitget_true_catalog_0131_0704.csv
HAEDAL-USDT,4h,HAEDALUSDT,14400,HAEDALUSDT,0.00005,,0.02996,,,False,False,True,False,False,2026-02-02 23:15:05,bitget_true_catalog_0131_0704.csv
HEI-USDT,4h,HEIUSDT,14400,HEIUSDT,0.00005,,0.1076,,,False,False,True,False,False,2026-02-02 23:15:05,bitget_true_catalog_0131_0704.csv
HIVE-USDT,4h,HIVEUSDT,14400,HIVEUSDT,-0.000056,,0.08098,,,False,False,True,False,False,2026-02-02 23:15:05,bitget_true_catalog_0131_0704.csv
HMSTR-USDT,4h,HMSTRUSDT,14400,HMSTRUSDT,0.00005,,0.0001899,,,False,False,True,False,False,2026-02-02 23:15:05,bitget_true_catalog_0131_0704.csv
HOLO-USDT,4h,HOLOUSDT,14400,HOLOUSDT,-0.000116,,0.06778,,,False,False,True,False,False,2026-02-02 23:15:05,bitget_true_catalog_0131_0704.csv
HOME-USDT,4h,HOMEUSDT,14400,HOMEUSDT,0.00005,,0.02995,,,False,False,True,False,False,2026-02-02 23:15:05,bitget_true_catalog_0131_0704.csv
HOOD-USDT,4h,HOODUSDT,14400,HOODUSDT,0.00005,,95.8,,,False,False,True,False,False,2026-02-02 23:15:05,bitget_true_catalog_0131_0704.csv
HUMA-USDT,4h,HUMAUSDT,14400,HUMAUSDT,0.00005,,0.02472,,,False,False,True,False,False,2026-02-02 23:15:05,bitget_true_catalog_0131_0704.csv
HYPE-USDT,4h,HYPEUSDT,14400,HYPEUSDT,-0.000037,,31.37,,,False,False,True,False,False,2026-02-02 23:15:05,bitget_true_catalog_0131_0704.csv
HYPER-USDT,4h,HYPERUSDT,14400,HYPERUSDT,0.00005,,0.1053,,,False,False,True,False,False,2026-02-02 23:15:05,bitget_true_catalog_0131_0704.csv
IBM-USDT,4h,IBMUSDT,14400,IBMUSDT,0.00005,,307.64,,,False,False,True,False,False,2026-02-02 23:15:05,bitget_true_catalog_0131_0704.csv
ICNT-USDT,4h,ICNTUSDT,14400,ICNTUSDT,-0.002835,,0.3762,,,False,False,True,False,False,2026-02-02 23:15:05,bitget_true_catalog_0131_0704.csv
IDOL-USDT,4h,IDOLUSDT,14400,IDOLUSDT,0.00005,,0.03489,,,False,False,True,False,False,2026-02-02 23:15:05,bitget_true_catalog_0131_0704.csv
ILV-USDT,4h,ILVUSDT,14400,ILVUSDT,0.00005,,4.301,,,False,False,True,False,False,2026-02-02 23:15:05,bitget_true_catalog_0131_0704.csv
IMX-USDT,4h,IMXUSDT,14400,IMXUSDT,-0.000427,,0.1812,,,False,False,True,False,False,2026-02-02 23:15:05,bitget_true_catalog_0131_0704.csv
IN-USDT,4h,INUSDT,14400,INUSDT,-0.000408,,0.05878,,,False,False,True,False,False,2026-02-02 23:15:05,bitget_true_catalog_0131_0704.csv
INIT-USDT,4h,INITUSDT,14400,INITUSDT,-0.000718,,0.0805,,,False,False,True,False,False,2026-02-02 23:15:05,bitget_true_catalog_0131_0704.csv
INTC-USDT,4h,INTCUSDT,14400,INTCUSDT,-0.00002,,46.04,,,False,False,True,False,False,2026-02-02 23:15:05,bitget_true_catalog_0131_0704.csv
IO-USDT,4h,IOUSDT,14400,IOUSDT,0.00005,,0.1218,,,False,False,True,False,False,2026-02-02 23:15:05,bitget_true_catalog_0131_0704.csv
IP-USDT,4h,IPUSDT,14400,IPUSDT,0.00005,,1.3691,,,False,False,True,False,False,2026-02-02 23:15:05,bitget_true_catalog_0131_0704.csv
IR-USDT,4h,IRUSDT,14400,IRUSDT,-0.000073,,0.06386,,,False,False,True,False,False,2026-02-02 23:15:05,bitget_true_catalog_0131_0704.csv
IRYS-USDT,4h,IRYSUSDT,14400,IRYSUSDT,0.00005,,0.05386,,,False,False,True,False,False,2026-02-02 23:15:05,bitget_true_catalog_0131_0704.csv
JCT-USDT,4h,JCTUSDT,14400,JCTUSDT,0.00005,,0.00145,,,False,False,True,False,False,2026-02-02 23:15:05,bitget_true_catalog_0131_0704.csv
JD-USDT,4h,JDUSDT,14400,JDUSDT,0.00005,,28.33,,,False,False,True,False,False,2026-02-02 23:15:05,bitget_true_catalog_0131_0704.csv
JST-USDT,4h,JSTUSDT,14400,JSTUSDT,0.000035,,0.04135,,,False,False,True,False,False,2026-02-02 23:15:05,bitget_true_catalog_0131_0704.csv
JTO-USDT,4h,JTOUSDT,14400,JTOUSDT,-0.000159,,0.2895,,,False,False,True,False,False,2026-02-02 23:15:05,bitget_true_catalog_0131_0704.csv
JUP-USDT,4h,JUPUSDT,14400,JUPUSDT,-0.000373,,0.1875,,,False,False,True,False,False,2026-02-02 23:15:05,bitget_true_catalog_0131_0704.csv
KAIA-USDT,4h,KAIAUSDT,14400,KAIAUSDT,0.00005,,0.05585,,,False,False,True,False,False,2026-02-02 23:15:05,bitget_true_catalog_0131_0704.csv
KAITO-USDT,4h,KAITOUSDT,14400,KAITOUSDT,0.00005,,0.3556,,,False,False,True,False,False,2026-02-02 23:15:05,bitget_true_catalog_0131_0704.csv
KAS-USDT,4h,KASUSDT,14400,KASUSDT,0.00005,,0.03146,,,False,False,True,False,False,2026-02-02 23:15:05,bitget_true_catalog_0131_0704.csv
KAVA-USDT,4h,KAVAUSDT,14400,KAVAUSDT,0.00005,,0.0634,,,False,False,True,False,False,2026-02-02 23:15:05,bitget_true_catalog_0131_0704.csv
KERNEL-USDT,4h,KERNELUSDT,14400,KERNELUSDT,0.000035,,0.05941,,,False,False,True,False,False,2026-02-02 23:15:05,bitget_true_catalog_0131_0704.csv
KGEN-USDT,4h,KGENUSDT,14400,KGENUSDT,0.00005,,0.215,,,False,False,True,False,False,2026-02-02 23:15:05,bitget_true_catalog_0131_0704.csv
KITE-USDT,4h,KITEUSDT,14400,KITEUSDT,0.00005,,0.14728,,,False,False,True,False,False,2026-02-02 23:15:05,bitget_true_catalog_0131_0704.csv
KMNO-USDT,4h,KMNOUSDT,14400,KMNOUSDT,0.00005,,0.03576,,,False,False,True,False,False,2026-02-02 23:15:05,bitget_true_catalog_0131_0704.csv
LA-USDT,4h,LAUSDT,14400,LAUSDT,0.00005,,0.2329,,,False,False,True,False,False,2026-02-02 23:15:05,bitget_true_catalog_0131_0704.csv
LAB-USDT,4h,LABUSDT,14400,LABUSDT,0.00005,,0.1326,,,False,False,True,False,False,2026-02-02 23:15:05,bitget_true_catalog_0131_0704.csv
LAYER-USDT,4h,LAYERUSDT,14400,LAYERUSDT,0.000033,,0.1033,,,False,False,True,False,False,2026-02-02 23:15:05,bitget_true_catalog_0131_0704.csv
LIGHT-USDT,4h,LIGHTUSDT,14400,LIGHTUSDT,0.000077,,0.3381,,,False,False,True,False,False,2026-02-02 23:15:05,bitget_true_catalog_0131_0704.csv
LINEA-USDT,4h,LINEAUSDT,14400,LINEAUSDT,-0.000342,,0.004388,,,False,False,True,False,False,2026-02-02 23:15:05,bitget_true_catalog_0131_0704.csv
LISTA-USDT,4h,LISTAUSDT,14400,LISTAUSDT,0.00005,,0.1133,,,False,False,True,False,False,2026-02-02 23:15:05,bitget_true_catalog_0131_0704.csv
LIT-USDT,4h,LITUSDT,14400,LITUSDT,0.00005,,1.519,,,False,False,True,False,False,2026-02-02 23:15:05,bitget_true_catalog_0131_0704.csv
LLY-USDT,4h,LLYUSDT,14400,LLYUSDT,0.00005,,1042.73,,,False,False,True,False,False,2026-02-02 23:15:05,bitget_true_catalog_0131_0704.csv
LPT-USDT,4h,LPTUSDT,14400,LPTUSDT,-0.000289,,2.62,,,False,False,True,False,False,2026-02-02 23:15:05,bitget_true_catalog_0131_0704.csv
LRC-USDT,4h,LRCUSDT,14400,LRCUSDT,0.00005,,0.04082,,,False,False,True,False,False,2026-02-02 23:15:05,bitget_true_catalog_0131_0704.csv
LSK-USDT,4h,LSKUSDT,14400,LSKUSDT,-0.000086,,0.146,,,False,False,True,False,False,2026-02-02 23:15:05,bitget_true_catalog_0131_0704.csv
LUMIA-USDT,4h,LUMIAUSDT,14400,LUMIAUSDT,0.00005,,0.078,,,False,False,True,False,False,2026-02-02 23:15:05,bitget_true_catalog_0131_0704.csv
LUNA-USDT,4h,LUNAUSDT,14400,LUNAUSDT,0.00005,,0.0672,,,False,False,True,False,False,2026-02-02 23:15:05,bitget_true_catalog_0131_0704.csv
LYN-USDT,4h,LYNUSDT,14400,LYNUSDT,0.00005,,0.11076,,,False,False,True,False,False,2026-02-02 23:15:05,bitget_true_catalog_0131_0704.csv
M-USDT,4h,MUSDT,14400,MUSDT,0.00005,,1.42903,,,False,False,True,False,False,2026-02-02 23:15:05,bitget_true_catalog_0131_0704.csv
MA-USDT,4h,MAUSDT,14400,MAUSDT,0.00005,,539.03,,,False,False,True,False,False,2026-02-02 23:15:05,bitget_true_catalog_0131_0704.csv
MAGIC-USDT,4h,MAGICUSDT,14400,MAGICUSDT,0.00005,,0.0688,,,False,False,True,False,False,2026-02-02 23:15:05,bitget_true_catalog_0131_0704.csv
MAGMA-USDT,4h,MAGMAUSDT,14400,MAGMAUSDT,0.00005,,0.09339,,,False,False,True,False,False,2026-02-02 23:15:05,bitget_true_catalog_0131_0704.csv
MANTA-USDT,4h,MANTAUSDT,14400,MANTAUSDT,-0.000237,,0.07272,,,False,False,True,False,False,2026-02-02 23:15:05,bitget_true_catalog_0131_0704.csv
MASK-USDT,4h,MASKUSDT,14400,MASKUSDT,0.00005,,0.532,,,False,False,True,False,False,2026-02-02 23:15:05,bitget_true_catalog_0131_0704.csv
MBOX-USDT,4h,MBOXUSDT,14400,MBOXUSDT,0.00005,,0.02376,,,False,False,True,False,False,2026-02-02 23:15:05,bitget_true_catalog_0131_0704.csv
MCD-USDT,4h,MCDUSDT,14400,MCDUSDT,0.00005,,318.03,,,False,False,True,False,False,2026-02-02 23:15:05,bitget_true_catalog_0131_0704.csv
ME-USDT,4h,MEUSDT,14400,MEUSDT,0.00005,,0.1614,,,False,False,True,False,False,2026-02-02 23:15:05,bitget_true_catalog_0131_0704.csv
MEGA-USDT,4h,MEGAUSDT,14400,MEGAUSDT,0.00005,,0.13398,,,False,False,True,False,False,2026-02-02 23:15:05,bitget_true_catalog_0131_0704.csv
MELANIA-USDT,4h,MELANIAUSDT,14400,MELANIAUSDT,0.00005,,0.1253,,,False,False,True,False,False,2026-02-02 23:15:05,bitget_true_catalog_0131_0704.csv
MEME-USDT,4h,MEMEUSDT,14400,MEMEUSDT,0.000048,,0.000833,,,False,False,True,False,False,2026-02-02 23:15:05,bitget_true_catalog_0131_0704.csv
MERL-USDT,4h,MERLUSDT,14400,MERLUSDT,0.000035,,0.04888,,,False,False,True,False,False,2026-02-02 23:15:05,bitget_true_catalog_0131_0704.csv
MET-USDT,4h,METUSDT,14400,METUSDT,0.00005,,0.2361,,,False,False,True,False,False,2026-02-02 23:15:05,bitget_true_catalog_0131_0704.csv
META-USDT,4h,METAUSDT,14400,METAUSDT,0.00005,,712.95,,,False,False,True,False,False,2026-02-02 23:15:05,bitget_true_catalog_0131_0704.csv
METIS-USDT,4h,METISUSDT,14400,METISUSDT,0.00003,,3.844,,,False,False,True,False,False,2026-02-02 23:15:05,bitget_true_catalog_0131_0704.csv
MEW-USDT,4h,MEWUSDT,14400,MEWUSDT,0.00005,,0.000707,,,False,False,True,False,False,2026-02-02 23:15:05,bitget_true_catalog_0131_0704.csv
MIRA-USDT,4h,MIRAUSDT,14400,MIRAUSDT,0.00005,,0.1017,,,False,False,True,False,False,2026-02-02 23:15:05,bitget_true_catalog_0131_0704.csv
MITO-USDT,4h,MITOUSDT,14400,MITOUSDT,0.00005,,0.05004,,,False,False,True,False,False,2026-02-02 23:15:05,bitget_true_catalog_0131_0704.csv
MLN-USDT,4h,MLNUSDT,14400,MLNUSDT,0.00005,,3.83,,,False,False,True,False,False,2026-02-02 23:15:05,bitget_true_catalog_0131_0704.csv
MMT-USDT,4h,MMTUSDT,14400,MMTUSDT,0.00005,,0.1632,,,False,False,True,False,False,2026-02-02 23:15:05,bitget_true_catalog_0131_0704.csv
MOCA-USDT,4h,MOCAUSDT,14400,MOCAUSDT,0.00005,,0.01789,,,False,False,True,False,False,2026-02-02 23:15:05,bitget_true_catalog_0131_0704.csv
MON-USDT,4h,MONUSDT,14400,MONUSDT,0.000041,,0.01837,,,False,False,True,False,False,2026-02-02 23:15:05,bitget_true_catalog_0131_0704.csv
MOODENG-USDT,4h,MOODENGUSDT,14400,MOODENGUSDT,0.000023,,0.0547,,,False,False,True,False,False,2026-02-02 23:15:05,bitget_true_catalog_0131_0704.csv
MORPHO-USDT,4h,MORPHOUSDT,14400,MORPHOUSDT,0.00005,,1.1751,,,False,False,True,False,False,2026-02-02 23:15:05,bitget_true_catalog_0131_0704.csv
MOVE-USDT,4h,MOVEUSDT,14400,MOVEUSDT,-0.008015,,0.02752,,,False,False,True,False,False,2026-02-02 23:15:05,bitget_true_catalog_0131_0704.csv
MOVR-USDT,4h,MOVRUSDT,14400,MOVRUSDT,0.00005,,1.814,,,False,False,True,False,False,2026-02-02 23:15:05,bitget_true_catalog_0131_0704.csv
MRVL-USDT,4h,MRVLUSDT,14400,MRVLUSDT,0.00005,,78.2,,,False,False,True,False,False,2026-02-02 23:15:05,bitget_true_catalog_0131_0704.csv
MSFT-USDT,4h,MSFTUSDT,14400,MSFTUSDT,0.00005,,429.31,,,False,False,True,False,False,2026-02-02 23:15:05,bitget_true_catalog_0131_0704.csv
MSTR-USDT,4h,MSTRUSDT,14400,MSTRUSDT,0.00005,,137.36,,,False,False,True,False,False,2026-02-02 23:15:05,bitget_true_catalog_0131_0704.csv
MUBARAK-USDT,4h,MUBARAKUSDT,14400,MUBARAKUSDT,0.00005,,0.016,,,False,False,True,False,False,2026-02-02 23:15:05,bitget_true_catalog_0131_0704.csv
MYX-USDT,4h,MYXUSDT,14400,MYXUSDT,0.00005,,5.9679,,,False,False,True,False,False,2026-02-02 23:15:05,bitget_true_catalog_0131_0704.csv
NAORIS-USDT,4h,NAORISUSDT,14400,NAORISUSDT,0.00005,,0.02316,,,False,False,True,False,False,2026-02-02 23:15:05,bitget_true_catalog_0131_0704.csv
NEIROCTO-USDT,4h,NEIROCTOUSDT,14400,NEIROCTOUSDT,0.00005,,0.0000869,,,False,False,True,False,False,2026-02-02 23:15:05,bitget_true_catalog_0131_0704.csv
NEWT-USDT,4h,NEWTUSDT,14400,NEWTUSDT,-0.000009,,0.0835,,,False,False,True,False,False,2026-02-02 23:15:05,bitget_true_catalog_0131_0704.csv
NFP-USDT,4h,NFPUSDT,14400,NFPUSDT,0.00005,,0.01951,,,False,False,True,False,False,2026-02-02 23:15:05,bitget_true_catalog_0131_0704.csv
NIGHT-USDT,4h,NIGHTUSDT,14400,NIGHTUSDT,-0.000148,,0.0466,,,False,False,True,False,False,2026-02-02 23:15:05,bitget_true_catalog_0131_0704.csv
NIL-USDT,4h,NILUSDT,14400,NILUSDT,0.00005,,0.05083,,,False,False,True,False,False,2026-02-02 23:15:05,bitget_true_catalog_0131_0704.csv
NMR-USDT,4h,NMRUSDT,14400,NMRUSDT,0.000007,,9.119,,,False,False,True,False,False,2026-02-02 23:15:05,bitget_true_catalog_0131_0704.csv
NOM-USDT,4h,NOMUSDT,14400,NOMUSDT,-0.002573,,0.007306,,,False,False,True,False,False,2026-02-02 23:15:05,bitget_true_catalog_0131_0704.csv
NOT-USDT,4h,NOTUSDT,14400,NOTUSDT,0.00005,,0.0004441,,,False,False,True,False,False,2026-02-02 23:15:05,bitget_true_catalog_0131_0704.csv
NTRN-USDT,4h,NTRNUSDT,14400,NTRNUSDT,0.00005,,0.0153,,,False,False,True,False,False,2026-02-02 23:15:05,bitget_true_catalog_0131_0704.csv
NVDA-USDT,4h,NVDAUSDT,14400,NVDAUSDT,0.00005,,188.58,,,False,False,True,False,False,2026-02-02 23:15:05,bitget_true_catalog_0131_0704.csv
NXPC-USDT,4h,NXPCUSDT,14400,NXPCUSDT,0.00005,,0.3705,,,False,False,True,False,False,2026-02-02 23:15:05,bitget_true_catalog_0131_0704.csv
OG-USDT,4h,OGUSDT,14400,OGUSDT,0.00004,,3.0652,,,False,False,True,False,False,2026-02-02 23:15:05,bitget_true_catalog_0131_0704.csv
OL-USDT,4h,OLUSDT,14400,OLUSDT,0.00005,,0.01454,,,False,False,True,False,False,2026-02-02 23:15:05,bitget_true_catalog_0131_0704.csv
OM-USDT,4h,OMUSDT,14400,OMUSDT,0.00005,,0.05057,,,False,False,True,False,False,2026-02-02 23:15:05,bitget_true_catalog_0131_0704.csv
ONDO-USDT,4h,ONDOUSDT,14400,ONDOUSDT,0.00005,,0.2816,,,False,False,True,False,False,2026-02-02 23:15:05,bitget_true_catalog_0131_0704.csv
ONG-USDT,4h,ONGUSDT,14400,ONGUSDT,0.00005,,0.071,,,False,False,True,False,False,2026-02-02 23:15:05,bitget_true_catalog_0131_0704.csv
ONT-USDT,4h,ONTUSDT,14400,ONTUSDT,0.00005,,0.051,,,False,False,True,False,False,2026-02-02 23:15:05,bitget_true_catalog_0131_0704.csv
OPEN-USDT,4h,OPENUSDT,14400,OPENUSDT,0.00005,,0.1599,,,False,False,True,False,False,2026-02-02 23:15:05,bitget_true_catalog_0131_0704.csv
ORCA-USDT,4h,ORCAUSDT,14400,ORCAUSDT,0.00005,,0.884,,,False,False,True,False,False,2026-02-02 23:15:05,bitget_true_catalog_0131_0704.csv
ORCL-USDT,4h,ORCLUSDT,14400,ORCLUSDT,0.00005,,170.76,,,False,False,True,False,False,2026-02-02 23:15:05,bitget_true_catalog_0131_0704.csv
ORDI-USDT,4h,ORDIUSDT,14400,ORDIUSDT,0.00005,,3.072,,,False,False,True,False,False,2026-02-02 23:15:05,bitget_true_catalog_0131_0704.csv
PARTI-USDT,4h,PARTIUSDT,14400,PARTIUSDT,0.00005,,0.07691,,,False,False,True,False,False,2026-02-02 23:15:05,bitget_true_catalog_0131_0704.csv
PAXG-USDT,4h,PAXGUSDT,14400,PAXGUSDT,-0.000024,,4747.22,,,False,False,True,False,False,2026-02-02 23:15:05,bitget_true_catalog_0131_0704.csv
PEAQ-USDT,4h,PEAQUSDT,14400,PEAQUSDT,0.00005,,0.01935,,,False,False,True,False,False,2026-02-02 23:15:05,bitget_true_catalog_0131_0704.csv
PENGU-USDT,4h,PENGUUSDT,14400,PENGUUSDT,0.00005,,0.007685,,,False,False,True,False,False,2026-02-02 23:15:05,bitget_true_catalog_0131_0704.csv
PEP-USDT,4h,PEPUSDT,14400,PEPUSDT,0.00005,,153.49,,,False,False,True,False,False,2026-02-02 23:15:05,bitget_true_catalog_0131_0704.csv
PHA-USDT,4h,PHAUSDT,14400,PHAUSDT,0.00005,,0.03083,,,False,False,True,False,False,2026-02-02 23:15:05,bitget_true_catalog_0131_0704.csv
PI-USDT,4h,PIUSDT,14400,PIUSDT,-0.000104,,0.1585,,,False,False,True,False,False,2026-02-02 23:15:05,bitget_true_catalog_0131_0704.csv
PIEVERSE-USDT,4h,PIEVERSEUSDT,14400,PIEVERSEUSDT,0.00005,,0.46375,,,False,False,True,False,False,2026-02-02 23:15:05,bitget_true_catalog_0131_0704.csv
PIXEL-USDT,4h,PIXELUSDT,14400,PIXELUSDT,0.00005,,0.00631,,,False,False,True,False,False,2026-02-02 23:15:05,bitget_true_catalog_0131_0704.csv
PLTR-USDT,4h,PLTRUSDT,14400,PLTRUSDT,0.00005,,151.07,,,False,False,True,False,False,2026-02-02 23:15:05,bitget_true_catalog_0131_0704.csv
PLUME-USDT,4h,PLUMEUSDT,14400,PLUMEUSDT,-0.0002,,0.01208,,,False,False,True,False,False,2026-02-02 23:15:05,bitget_true_catalog_0131_0704.csv
PNUT-USDT,4h,PNUTUSDT,14400,PNUTUSDT,0.00005,,0.05672,,,False,False,True,False,False,2026-02-02 23:15:05,bitget_true_catalog_0131_0704.csv
POL-USDT,4h,POLUSDT,14400,POLUSDT,-0.000175,,0.104,,,False,False,True,False,False,2026-02-02 23:15:05,bitget_true_catalog_0131_0704.csv
POLYX-USDT,4h,POLYXUSDT,14400,POLYXUSDT,-0.000231,,0.04811,,,False,False,True,False,False,2026-02-02 23:15:05,bitget_true_catalog_0131_0704.csv
POPCAT-USDT,4h,POPCATUSDT,14400,POPCATUSDT,-0.000159,,0.0551,,,False,False,True,False,False,2026-02-02 23:15:05,bitget_true_catalog_0131_0704.csv
PORTAL-USDT,4h,PORTALUSDT,14400,PORTALUSDT,0.00005,,0.01681,,,False,False,True,False,False,2026-02-02 23:15:05,bitget_true_catalog_0131_0704.csv
POWER-USDT,4h,POWERUSDT,14400,POWERUSDT,0.00005,,0.19504,,,False,False,True,False,False,2026-02-02 23:15:05,bitget_true_catalog_0131_0704.csv
POWR-USDT,4h,POWRUSDT,14400,POWRUSDT,0.00005,,0.07382,,,False,False,True,False,False,2026-02-02 23:15:05,bitget_true_catalog_0131_0704.csv
PROM-USDT,4h,PROMUSDT,14400,PROMUSDT,0.00005,,1.4743,,,False,False,True,False,False,2026-02-02 23:15:05,bitget_true_catalog_0131_0704.csv
PROVE-USDT,4h,PROVEUSDT,14400,PROVEUSDT,-0.000007,,0.3323,,,False,False,True,False,False,2026-02-02 23:15:05,bitget_true_catalog_0131_0704.csv
PUFFER-USDT,4h,PUFFERUSDT,14400,PUFFERUSDT,0.00005,,0.03868,,,False,False,True,False,False,2026-02-02 23:15:05,bitget_true_catalog_0131_0704.csv
PUMP-USDT,4h,PUMPUSDT,14400,PUMPUSDT,0.00005,,0.002449,,,False,False,True,False,False,2026-02-02 23:15:05,bitget_true_catalog_0131_0704.csv
PUNDIX-USDT,4h,PUNDIXUSDT,14400,PUNDIXUSDT,0.00005,,0.1839,,,False,False,True,False,False,2026-02-02 23:15:05,bitget_true_catalog_0131_0704.csv
PYTH-USDT,4h,PYTHUSDT,14400,PYTHUSDT,0.00005,,0.0512,,,False,False,True,False,False,2026-02-02 23:15:05,bitget_true_catalog_0131_0704.csv
Q-USDT,4h,QUSDT,14400,QUSDT,0.00005,,0.018741,,,False,False,True,False,False,2026-02-02 23:15:05,bitget_true_catalog_0131_0704.csv
QQQ-USDT,4h,QQQUSDT,14400,QQQUSDT,0.00005,,619.13,,,False,False,True,False,False,2026-02-02 23:15:05,bitget_true_catalog_0131_0704.csv
RARE-USDT,4h,RAREUSDT,14400,RAREUSDT,0.00005,,0.02051,,,False,False,True,False,False,2026-02-02 23:15:05,bitget_true_catalog_0131_0704.csv
RAVE-USDT,4h,RAVEUSDT,14400,RAVEUSDT,0.00005,,0.34428,,,False,False,True,False,False,2026-02-02 23:15:05,bitget_true_catalog_0131_0704.csv
RAY-USDT,4h,RAYUSDT,14400,RAYUSDT,0.00005,,0.7075,,,False,False,True,False,False,2026-02-02 23:15:05,bitget_true_catalog_0131_0704.csv
RDDT-USDT,4h,RDDTUSDT,14400,RDDTUSDT,0.00005,,179.31,,,False,False,True,False,False,2026-02-02 23:15:05,bitget_true_catalog_0131_0704.csv
RECALL-USDT,4h,RECALLUSDT,14400,RECALLUSDT,0.00005,,0.0628,,,False,False,True,False,False,2026-02-02 23:15:05,bitget_true_catalog_0131_0704.csv
RED-USDT,4h,REDUSDT,14400,REDUSDT,0.00005,,0.2135,,,False,False,True,False,False,2026-02-02 23:15:05,bitget_true_catalog_0131_0704.csv
RENDER-USDT,4h,RENDERUSDT,14400,RENDERUSDT,0.00005,,1.569,,,False,False,True,False,False,2026-02-02 23:15:05,bitget_true_catalog_0131_0704.csv
RESOLV-USDT,4h,RESOLVUSDT,14400,RESOLVUSDT,0.00005,,0.07896,,,False,False,True,False,False,2026-02-02 23:15:05,bitget_true_catalog_0131_0704.csv
REZ-USDT,4h,REZUSDT,14400,REZUSDT,-0.000013,,0.00371,,,False,False,True,False,False,2026-02-02 23:15:05,bitget_true_catalog_0131_0704.csv
RLS-USDT,4h,RLSUSDT,14400,RLSUSDT,0.00005,,0.006666,,,False,False,True,False,False,2026-02-02 23:15:05,bitget_true_catalog_0131_0704.csv
RON-USDT,4h,RONUSDT,14400,RONUSDT,0.00005,,0.1063,,,False,False,True,False,False,2026-02-02 23:15:05,bitget_true_catalog_0131_0704.csv
RPL-USDT,4h,RPLUSDT,14400,RPLUSDT,0.00005,,1.768,,,False,False,True,False,False,2026-02-02 23:15:05,bitget_true_catalog_0131_0704.csv
RVN-USDT,4h,RVNUSDT,14400,RVNUSDT,0.00005,,0.006128,,,False,False,True,False,False,2026-02-02 23:15:05,bitget_true_catalog_0131_0704.csv
S-USDT,4h,SUSDT,14400,SUSDT,0.00005,,0.05234,,,False,False,True,False,False,2026-02-02 23:15:05,bitget_true_catalog_0131_0704.csv
SAFE-USDT,4h,SAFEUSDT,14400,SAFEUSDT,0.00005,,0.1209,,,False,False,True,False,False,2026-02-02 23:15:05,bitget_true_catalog_0131_0704.csv
SAGA-USDT,4h,SAGAUSDT,14400,SAGAUSDT,0.00005,,0.03548,,,False,False,True,False,False,2026-02-02 23:15:05,bitget_true_catalog_0131_0704.csv
SAHARA-USDT,4h,SAHARAUSDT,14400,SAHARAUSDT,0.00005,,0.01863,,,False,False,True,False,False,2026-02-02 23:15:05,bitget_true_catalog_0131_0704.csv
SANTOS-USDT,4h,SANTOSUSDT,14400,SANTOSUSDT,0.00005,,2.03,,,False,False,True,False,False,2026-02-02 23:15:05,bitget_true_catalog_0131_0704.csv
SAPIEN-USDT,4h,SAPIENUSDT,14400,SAPIENUSDT,0.00005,,0.10012,,,False,False,True,False,False,2026-02-02 23:15:05,bitget_true_catalog_0131_0704.csv
SCR-USDT,4h,SCRUSDT,14400,SCRUSDT,0.00005,,0.06217,,,False,False,True,False,False,2026-02-02 23:15:05,bitget_true_catalog_0131_0704.csv
SCRT-USDT,4h,SCRTUSDT,14400,SCRTUSDT,0.00005,,0.1148,,,False,False,True,False,False,2026-02-02 23:15:05,bitget_true_catalog_0131_0704.csv
SHELL-USDT,4h,SHELLUSDT,14400,SHELLUSDT,0.00005,,0.03627,,,False,False,True,False,False,2026-02-02 23:15:05,bitget_true_catalog_0131_0704.csv
SIGN-USDT,4h,SIGNUSDT,14400,SIGNUSDT,0.00005,,0.03624,,,False,False,True,False,False,2026-02-02 23:15:05,bitget_true_catalog_0131_0704.csv
SIREN-USDT,4h,SIRENUSDT,14400,SIRENUSDT,0.00005,,0.07759,,,False,False,True,False,False,2026-02-02 23:15:05,bitget_true_catalog_0131_0704.csv
SKL-USDT,4h,SKLUSDT,14400,SKLUSDT,0.00005,,0.00743,,,False,False,True,False,False,2026-02-02 23:15:05,bitget_true_catalog_0131_0704.csv
SKR-USDT,4h,SKRUSDT,14400,SKRUSDT,-0.000108,,0.018579,,,False,False,True,False,False,2026-02-02 23:15:05,bitget_true_catalog_0131_0704.csv
SKY-USDT,4h,SKYUSDT,14400,SKYUSDT,0.00005,,0.06097,,,False,False,True,False,False,2026-02-02 23:15:05,bitget_true_catalog_0131_0704.csv
SKYAI-USDT,4h,SKYAIUSDT,14400,SKYAIUSDT,0.00005,,0.04068,,,False,False,True,False,False,2026-02-02 23:15:05,bitget_true_catalog_0131_0704.csv
SLP-USDT,4h,SLPUSDT,14400,SLPUSDT,0.00005,,0.0007187,,,False,False,True,False,False,2026-02-02 23:15:05,bitget_true_catalog_0131_0704.csv
SOLV-USDT,4h,SOLVUSDT,14400,SOLVUSDT,0.00005,,0.00912,,,False,False,True,False,False,2026-02-02 23:15:05,bitget_true_catalog_0131_0704.csv
SOMI-USDT,4h,SOMIUSDT,14400,SOMIUSDT,-0.000659,,0.2155,,,False,False,True,False,False,2026-02-02 23:15:05,bitget_true_catalog_0131_0704.csv
SONIC-USDT,4h,SONICUSDT,14400,SONICUSDT,-0.000194,,0.04666,,,False,False,True,False,False,2026-02-02 23:15:05,bitget_true_catalog_0131_0704.csv
SOON-USDT,4h,SOONUSDT,14400,SOONUSDT,0.00005,,0.1948,,,False,False,True,False,False,2026-02-02 23:15:05,bitget_true_catalog_0131_0704.csv
SOPH-USDT,4h,SOPHUSDT,14400,SOPHUSDT,0.000019,,0.01069,,,False,False,True,False,False,2026-02-02 23:15:05,bitget_true_catalog_0131_0704.csv
SPACE-USDT,4h,SPACEUSDT,14400,SPACEUSDT,-0.000176,,0.005561,,,False,False,True,False,False,2026-02-02 23:15:05,bitget_true_catalog_0131_0704.csv
SPK-USDT,4h,SPKUSDT,14400,SPKUSDT,0.00005,,0.0211,,,False,False,True,False,False,2026-02-02 23:15:05,bitget_true_catalog_0131_0704.csv
SPX-USDT,4h,SPXUSDT,14400,SPXUSDT,0.00005,,0.3017,,,False,False,True,False,False,2026-02-02 23:15:05,bitget_true_catalog_0131_0704.csv
SQD-USDT,4h,SQDUSDT,14400,SQDUSDT,0.00005,,0.06276,,,False,False,True,False,False,2026-02-02 23:15:05,bitget_true_catalog_0131_0704.csv
STABLE-USDT,4h,STABLEUSDT,14400,STABLEUSDT,-0.000281,,0.02955,,,False,False,True,False,False,2026-02-02 23:15:05,bitget_true_catalog_0131_0704.csv
STBL-USDT,4h,STBLUSDT,14400,STBLUSDT,0.00005,,0.03421,,,False,False,True,False,False,2026-02-02 23:15:05,bitget_true_catalog_0131_0704.csv
STEEM-USDT,4h,STEEMUSDT,14400,STEEMUSDT,0.00005,,0.05555,,,False,False,True,False,False,2026-02-02 23:15:05,bitget_true_catalog_0131_0704.csv
STO-USDT,4h,STOUSDT,14400,STOUSDT,0.00005,,0.07653,,,False,False,True,False,False,2026-02-02 23:15:05,bitget_true_catalog_0131_0704.csv
STORJ-USDT,4h,STORJUSDT,14400,STORJUSDT,0.00005,,0.1088,,,False,False,True,False,False,2026-02-02 23:15:05,bitget_true_catalog_0131_0704.csv
STRK-USDT,4h,STRKUSDT,14400,STRKUSDT,0.00005,,0.0555,,,False,False,True,False,False,2026-02-02 23:15:05,bitget_true_catalog_0131_0704.csv
SUN-USDT,4h,SUNUSDT,14400,SUNUSDT,0.00005,,0.017276,,,False,False,True,False,False,2026-02-02 23:15:05,bitget_true_catalog_0131_0704.csv
SUPER-USDT,4h,SUPERUSDT,14400,SUPERUSDT,0.00005,,0.1499,,,False,False,True,False,False,2026-02-02 23:15:05,bitget_true_catalog_0131_0704.csv
SXT-USDT,4h,SXTUSDT,14400,SXTUSDT,0.000031,,0.02633,,,False,False,True,False,False,2026-02-02 23:15:05,bitget_true_catalog_0131_0704.csv
SYN-USDT,4h,SYNUSDT,14400,SYNUSDT,0.00005,,0.07392,,,False,False,True,False,False,2026-02-02 23:15:05,bitget_true_catalog_0131_0704.csv
SYRUP-USDT,4h,SYRUPUSDT,14400,SYRUPUSDT,0.00005,,0.2941,,,False,False,True,False,False,2026-02-02 23:15:05,bitget_true_catalog_0131_0704.csv
SYS-USDT,4h,SYSUSDT,14400,SYSUSDT,0.00005,,0.01543,,,False,False,True,False,False,2026-02-02 23:15:05,bitget_true_catalog_0131_0704.csv
T-USDT,4h,TUSDT,14400,TUSDT,0.00005,,0.008,,,False,False,True,False,False,2026-02-02 23:15:05,bitget_true_catalog_0131_0704.csv
TAC-USDT,4h,TACUSDT,14400,TACUSDT,0.001182,,0.004607,,,False,False,True,False,False,2026-02-02 23:15:05,bitget_true_catalog_0131_0704.csv
TAG-USDT,4h,TAGUSDT,14400,TAGUSDT,0.00005,,0.0003835,,,False,False,True,False,False,2026-02-02 23:15:05,bitget_true_catalog_0131_0704.csv
TAI-USDT,4h,TAIUSDT,14400,TAIUSDT,0.00005,,0.01603,,,False,False,True,False,False,2026-02-02 23:15:05,bitget_true_catalog_0131_0704.csv
TAIKO-USDT,4h,TAIKOUSDT,14400,TAIKOUSDT,0.00005,,0.1432,,,False,False,True,False,False,2026-02-02 23:15:05,bitget_true_catalog_0131_0704.csv
TAO-USDT,4h,TAOUSDT,14400,TAOUSDT,-0.000051,,195.38,,,False,False,True,False,False,2026-02-02 23:15:05,bitget_true_catalog_0131_0704.csv
THE-USDT,4h,THEUSDT,14400,THEUSDT,0.00005,,0.2242,,,False,False,True,False,False,2026-02-02 23:15:05,bitget_true_catalog_0131_0704.csv
TIA-USDT,4h,TIAUSDT,14400,TIAUSDT,0.00005,,0.3691,,,False,False,True,False,False,2026-02-02 23:15:05,bitget_true_catalog_0131_0704.csv
TNSR-USDT,4h,TNSRUSDT,14400,TNSRUSDT,0.000011,,0.04866,,,False,False,True,False,False,2026-02-02 23:15:05,bitget_true_catalog_0131_0704.csv
TON-USDT,4h,TONUSDT,14400,TONUSDT,0.00005,,1.3449,,,False,False,True,False,False,2026-02-02 23:15:05,bitget_true_catalog_0131_0704.csv
TOSHI-USDT,4h,TOSHIUSDT,14400,TOSHIUSDT,-0.000687,,0.0002069,,,False,False,True,False,False,2026-02-02 23:15:05,bitget_true_catalog_0131_0704.csv
TOWNS-USDT,4h,TOWNSUSDT,14400,TOWNSUSDT,0.00005,,0.005097,,,False,False,True,False,False,2026-02-02 23:15:05,bitget_true_catalog_0131_0704.csv
TRB-USDT,4h,TRBUSDT,14400,TRBUSDT,0.00005,,16.093,,,False,False,True,False,False,2026-02-02 23:15:05,bitget_true_catalog_0131_0704.csv
TREE-USDT,4h,TREEUSDT,14400,TREEUSDT,0.00005,,0.0707,,,False,False,True,False,False,2026-02-02 23:15:05,bitget_true_catalog_0131_0704.csv
TRUMP-USDT,4h,TRUMPUSDT,14400,TRUMPUSDT,-0.000158,,4.204,,,False,False,True,False,False,2026-02-02 23:15:05,bitget_true_catalog_0131_0704.csv
TRUST-USDT,4h,TRUSTUSDT,14400,TRUSTUSDT,0.00005,,0.08383,,,False,False,True,False,False,2026-02-02 23:15:05,bitget_true_catalog_0131_0704.csv
TSLA-USDT,4h,TSLAUSDT,14400,TSLAUSDT,0.000308,,423.3,,,False,False,True,False,False,2026-02-02 23:15:05,bitget_true_catalog_0131_0704.csv
TSTBSC-USDT,4h,TSTBSCUSDT,14400,TSTBSCUSDT,-0.000533,,0.01146,,,False,False,True,False,False,2026-02-02 23:15:05,bitget_true_catalog_0131_0704.csv
TURBO-USDT,4h,TURBOUSDT,14400,TURBOUSDT,-0.000122,,0.001228,,,False,False,True,False,False,2026-02-02 23:15:05,bitget_true_catalog_0131_0704.csv
TUT-USDT,4h,TUTUSDT,14400,TUTUSDT,0.00005,,0.01151,,,False,False,True,False,False,2026-02-02 23:15:05,bitget_true_catalog_0131_0704.csv
UAI-USDT,4h,UAIUSDT,14400,UAIUSDT,0.00005,,0.21487,,,False,False,True,False,False,2026-02-02 23:15:05,bitget_true_catalog_0131_0704.csv
UB-USDT,4h,UBUSDT,14400,UBUSDT,0.00005,,0.03101,,,False,False,True,False,False,2026-02-02 23:15:05,bitget_true_catalog_0131_0704.csv
UMA-USDT,4h,UMAUSDT,14400,UMAUSDT,0.00005,,0.5619,,,False,False,True,False,False,2026-02-02 23:15:05,bitget_true_catalog_0131_0704.csv
UNH-USDT,4h,UNHUSDT,14400,UNHUSDT,0.00005,,286.4,,,False,False,True,False,False,2026-02-02 23:15:05,bitget_true_catalog_0131_0704.csv
US-USDT,4h,USUSDT,14400,USUSDT,0.00005,,0.00635,,,False,False,True,False,False,2026-02-02 23:15:05,bitget_true_catalog_0131_0704.csv
USELESS-USDT,4h,USELESSUSDT,14400,USELESSUSDT,0.00005,,0.04589,,,False,False,True,False,False,2026-02-02 23:15:05,bitget_true_catalog_0131_0704.csv
USTC-USDT,4h,USTCUSDT,14400,USTCUSDT,0.00005,,0.00551,,,False,False,True,False,False,2026-02-02 23:15:05,bitget_true_catalog_0131_0704.csv
USUAL-USDT,4h,USUALUSDT,14400,USUALUSDT,-0.000331,,0.01911,,,False,False,True,False,False,2026-02-02 23:15:05,bitget_true_catalog_0131_0704.csv
VANA-USDT,4h,VANAUSDT,14400,VANAUSDT,0.00005,,1.799,,,False,False,True,False,False,2026-02-02 23:15:05,bitget_true_catalog_0131_0704.csv
VANRY-USDT,4h,VANRYUSDT,14400,VANRYUSDT,0.00005,,0.006405,,,False,False,True,False,False,2026-02-02 23:15:05,bitget_true_catalog_0131_0704.csv
VELODROME-USDT,4h,VELODROMEUSDT,14400,VELODROMEUSDT,0.00005,,0.016177,,,False,False,True,False,False,2026-02-02 23:15:05,bitget_true_catalog_0131_0704.csv
VELVET-USDT,4h,VELVETUSDT,14400,VELVETUSDT,0.00005,,0.11441,,,False,False,True,False,False,2026-02-02 23:15:05,bitget_true_catalog_0131_0704.csv
VIC-USDT,4h,VICUSDT,14400,VICUSDT,0.00005,,0.0641,,,False,False,True,False,False,2026-02-02 23:15:05,bitget_true_catalog_0131_0704.csv
VINE-USDT,4h,VINEUSDT,14400,VINEUSDT,0.00005,,0.02071,,,False,False,True,False,False,2026-02-02 23:15:05,bitget_true_catalog_0131_0704.csv
VIRTUAL-USDT,4h,VIRTUALUSDT,14400,VIRTUALUSDT,-0.000125,,0.6321,,,False,False,True,False,False,2026-02-02 23:15:05,bitget_true_catalog_0131_0704.csv
VTHO-USDT,4h,VTHOUSDT,14400,VTHOUSDT,0.00005,,0.0006672,,,False,False,True,False,False,2026-02-02 23:15:05,bitget_true_catalog_0131_0704.csv
VVV-USDT,4h,VVVUSDT,14400,VVVUSDT,0.00005,,2.204,,,False,False,True,False,False,2026-02-02 23:15:05,bitget_true_catalog_0131_0704.csv
W-USDT,4h,WUSDT,14400,WUSDT,0.00005,,0.02342,,,False,False,True,False,False,2026-02-02 23:15:05,bitget_true_catalog_0131_0704.csv
WAL-USDT,4h,WALUSDT,14400,WALUSDT,-0.000028,,0.0925,,,False,False,True,False,False,2026-02-02 23:15:05,bitget_true_catalog_0131_0704.csv
WAVES-USDT,4h,WAVESUSDT,14400,WAVESUSDT,0.00005,,0.5427,,,False,False,True,False,False,2026-02-02 23:15:05,bitget_true_catalog_0131_0704.csv
WAXP-USDT,4h,WAXPUSDT,14400,WAXPUSDT,0.00005,,0.007363,,,False,False,True,False,False,2026-02-02 23:15:05,bitget_true_catalog_0131_0704.csv
WCT-USDT,4h,WCTUSDT,14400,WCTUSDT,0.00005,,0.06166,,,False,False,True,False,False,2026-02-02 23:15:05,bitget_true_catalog_0131_0704.csv
WET-USDT,4h,WETUSDT,14400,WETUSDT,-0.00033,,0.08622,,,False,False,True,False,False,2026-02-02 23:15:05,bitget_true_catalog_0131_0704.csv
WIF-USDT,4h,WIFUSDT,14400,WIFUSDT,-0.000154,,0.2575,,,False,False,True,False,False,2026-02-02 23:15:05,bitget_true_catalog_0131_0704.csv
WLFI-USDT,4h,WLFIUSDT,14400,WLFIUSDT,-0.000738,,0.1292,,,False,False,True,False,False,2026-02-02 23:15:05,bitget_true_catalog_0131_0704.csv
XAG-USDT,4h,XAGUSDT,14400,XAGUSDT,0.000854,,82,,,False,False,True,False,False,2026-02-02 23:15:05,bitget_true_catalog_0131_0704.csv
XAI-USDT,4h,XAIUSDT,14400,XAIUSDT,0.00005,,0.01184,,,False,False,True,False,False,2026-02-02 23:15:05,bitget_true_catalog_0131_0704.csv
XAN-USDT,4h,XANUSDT,14400,XANUSDT,0.00005,,0.00901,,,False,False,True,False,False,2026-02-02 23:15:05,bitget_true_catalog_0131_0704.csv
XAU-USDT,4h,XAUUSDT,14400,XAUUSDT,0.00033,,4731.82,,,False,False,True,False,False,2026-02-02 23:15:05,bitget_true_catalog_0131_0704.csv
XAUT-USDT,4h,XAUTUSDT,14400,XAUTUSDT,-0.000065,,4716.4,,,False,False,True,False,False,2026-02-02 23:15:05,bitget_true_catalog_0131_0704.csv
XDC-USDT,4h,XDCUSDT,14400,XDCUSDT,0.00005,,0.03798,,,False,False,True,False,False,2026-02-02 23:15:05,bitget_true_catalog_0131_0704.csv
XPD-USDT,4h,XPDUSDT,14400,XPDUSDT,0.000606,,1751.31,,,False,False,True,False,False,2026-02-02 23:15:05,bitget_true_catalog_0131_0704.csv
XPIN-USDT,4h,XPINUSDT,14400,XPINUSDT,0.000205,,0.0022157,,,False,False,True,False,False,2026-02-02 23:15:05,bitget_true_catalog_0131_0704.csv
XPL-USDT,4h,XPLUSDT,14400,XPLUSDT,-0.00007,,0.1035,,,False,False,True,False,False,2026-02-02 23:15:05,bitget_true_catalog_0131_0704.csv
XPT-USDT,4h,XPTUSDT,14400,XPTUSDT,0.00005,,2149.54,,,False,False,True,False,False,2026-02-02 23:15:05,bitget_true_catalog_0131_0704.csv
XTZ-USDT,4h,XTZUSDT,14400,XTZUSDT,0.00005,,0.4648,,,False,False,True,False,False,2026-02-02 23:15:05,bitget_true_catalog_0131_0704.csv
YB-USDT,4h,YBUSDT,14400,YBUSDT,0.00005,,0.1539,,,False,False,True,False,False,2026-02-02 23:15:05,bitget_true_catalog_0131_0704.csv
YGG-USDT,4h,YGGUSDT,14400,YGGUSDT,0.00005,,0.04599,,,False,False,True,False,False,2026-02-02 23:15:05,bitget_true_catalog_0131_0704.csv
ZBT-USDT,4h,ZBTUSDT,14400,ZBTUSDT,0.00005,,0.0759,,,False,False,True,False,False,2026-02-02 23:15:05,bitget_true_catalog_0131_0704.csv
ZEC-USDT,4h,ZECUSDT,14400,ZECUSDT,-0.000113,,297.85,,,False,False,True,False,False,2026-02-02 23:15:05,bitget_true_catalog_0131_0704.csv
ZEREBRO-USDT,4h,ZEREBROUSDT,14400,ZEREBROUSDT,0.00005,,0.00916,,,False,False,True,False,False,2026-02-02 23:15:05,bitget_true_catalog_0131_0704.csv
ZETA-USDT,4h,ZETAUSDT,14400,ZETAUSDT,0.00005,,0.06068,,,False,False,True,False,False,2026-02-02 23:15:05,bitget_true_catalog_0131_0704.csv
ZK-USDT,4h,ZKUSDT,14400,ZKUSDT,-0.000545,,0.02468,,,False,False,True,False,False,2026-02-02 23:15:05,bitget_true_catalog_0131_0704.csv
ZKC-USDT,4h,ZKCUSDT,14400,ZKCUSDT,-0.001151,,0.0963,,,False,False,True,False,False,2026-02-02 23:15:05,bitget_true_catalog_0131_0704.csv
ZKJ-USDT,4h,ZKJUSDT,14400,ZKJUSDT,0.00005,,0.03053,,,False,False,True,False,False,2026-02-02 23:15:05,bitget_true_catalog_0131_0704.csv
ZKP-USDT,4h,ZKPUSDT,14400,ZKPUSDT,-0.000262,,0.08555,,,False,False,True,False,False,2026-02-02 23:15:05,bitget_true_catalog_0131_0704.csv
ZORA-USDT,4h,ZORAUSDT,14400,ZORAUSDT,-0.002359,,0.02506,,,False,False,True,False,False,2026-02-02 23:15:05,bitget_true_catalog_0131_0704.csv
ZRO-USDT,4h,ZROUSDT,14400,ZROUSDT,0.000049,,1.7575,,,False,False,True,False,False,2026-02-02 23:15:05,bitget_true_catalog_0131_0704.csv
ZRX-USDT,4h,ZRXUSDT,14400,ZRXUSDT,0.000037,,0.1117,,,False,False,True,False,False,2026-02-02 23:15:05,bitget_true_catalog_0131_0704.csv
1000XEC-USDT,8h,1000XECUSDT,28800,1000XECUSDT,0.0001,,0.00895,,,False,False,True,False,False,2026-02-02 23:15:05,bitget_true_catalog_0131_0704.csv
1INCH-USDT,8h,1INCHUSDT,28800,1INCHUSDT,-0.000089,,0.1165,,,False,False,True,False,False,2026-02-02 23:15:05,bitget_true_catalog_0131_0704.csv
AAVE-USDT,8h,AAVEUSDT,28800,AAVEUSDT,0.000055,,127.75,,,False,False,True,False,False,2026-02-02 23:15:05,bitget_true_catalog_0131_0704.csv
ACH-USDT,8h,ACHUSDT,28800,ACHUSDT,-0.000003,,0.008144,,,False,False,True,False,False,2026-02-02 23:15:05,bitget_true_catalog_0131_0704.csv
ADA-USDT,8h,ADAUSDT,28800,ADAUSDT,0.000038,,0.2958,,,False,False,True,False,False,2026-02-02 23:15:05,bitget_true_catalog_0131_0704.csv
AGLD-USDT,8h,AGLDUSDT,28800,AGLDUSDT,0.0001,,0.2409,,,False,False,True,False,False,2026-02-02 23:15:05,bitget_true_catalog_0131_0704.csv
ALGO-USDT,8h,ALGOUSDT,28800,ALGOUSDT,0.0001,,0.1033,,,False,False,True,False,False,2026-02-02 23:15:05,bitget_true_catalog_0131_0704.csv
ALICE-USDT,8h,ALICEUSDT,28800,ALICEUSDT,0.0001,,0.1319,,,False,False,True,False,False,2026-02-02 23:15:05,bitget_true_catalog_0131_0704.csv
ANKR-USDT,8h,ANKRUSDT,28800,ANKRUSDT,0.0001,,0.005101,,,False,False,True,False,False,2026-02-02 23:15:05,bitget_true_catalog_0131_0704.csv
APE-USDT,8h,APEUSDT,28800,APEUSDT,-0.000207,,0.1456,,,False,False,True,False,False,2026-02-02 23:15:05,bitget_true_catalog_0131_0704.csv
APT-USDT,8h,APTUSDT,28800,APTUSDT,0.0001,,1.262,,,False,False,True,False,False,2026-02-02 23:15:05,bitget_true_catalog_0131_0704.csv
AR-USDT,8h,ARUSDT,28800,ARUSDT,0.0001,,2.477,,,False,False,True,False,False,2026-02-02 23:15:05,bitget_true_catalog_0131_0704.csv
ARB-USDT,8h,ARBUSDT,28800,ARBUSDT,-0.000453,,0.1358,,,False,False,True,False,False,2026-02-02 23:15:05,bitget_true_catalog_0131_0704.csv
ARKM-USDT,8h,ARKMUSDT,28800,ARKMUSDT,-0.001261,,0.1335,,,False,False,True,False,False,2026-02-02 23:15:05,bitget_true_catalog_0131_0704.csv
ARPA-USDT,8h,ARPAUSDT,28800,ARPAUSDT,-0.000003,,0.01129,,,False,False,True,False,False,2026-02-02 23:15:05,bitget_true_catalog_0131_0704.csv
ASTR-USDT,8h,ASTRUSDT,28800,ASTRUSDT,-0.000081,,0.00826,,,False,False,True,False,False,2026-02-02 23:15:05,bitget_true_catalog_0131_0704.csv
ATA-USDT,8h,ATAUSDT,28800,ATAUSDT,0.0001,,0.01401,,,False,False,True,False,False,2026-02-02 23:15:05,bitget_true_catalog_0131_0704.csv
ATOM-USDT,8h,ATOMUSDT,28800,ATOMUSDT,-0.000193,,1.9458,,,False,False,True,False,False,2026-02-02 23:15:05,bitget_true_catalog_0131_0704.csv
AVAX-USDT,8h,AVAXUSDT,28800,AVAXUSDT,0.000098,,10.052,,,False,False,True,False,False,2026-02-02 23:15:05,bitget_true_catalog_0131_0704.csv
BAND-USDT,8h,BANDUSDT,28800,BANDUSDT,0.0001,,0.2497,,,False,False,True,False,False,2026-02-02 23:15:05,bitget_true_catalog_0131_0704.csv
BAT-USDT,8h,BATUSDT,28800,BATUSDT,0.0001,,0.1241,,,False,False,True,False,False,2026-02-02 23:15:05,bitget_true_catalog_0131_0704.csv
BCH-USDT,8h,BCHUSDT,28800,BCHUSDT,-0.000314,,529,,,False,False,True,False,False,2026-02-02 23:15:05,bitget_true_catalog_0131_0704.csv
BEL-USDT,8h,BELUSDT,28800,BELUSDT,0.0001,,0.1126,,,False,False,True,False,False,2026-02-02 23:15:05,bitget_true_catalog_0131_0704.csv
BGB-USDT,8h,BGBUSDT,28800,BGBUSDT,0.0001,,3.023,,,False,False,True,False,False,2026-02-02 23:15:05,bitget_true_catalog_0131_0704.csv
BICO-USDT,8h,BICOUSDT,28800,BICOUSDT,0.0001,,0.03035,,,False,False,True,False,False,2026-02-02 23:15:05,bitget_true_catalog_0131_0704.csv
BLAST-USDT,8h,BLASTUSDT,28800,BLASTUSDT,-0.001378,,0.000607,,,False,False,True,False,False,2026-02-02 23:15:05,bitget_true_catalog_0131_0704.csv
BLUR-USDT,8h,BLURUSDT,28800,BLURUSDT,0.0001,,0.02249,,,False,False,True,False,False,2026-02-02 23:15:05,bitget_true_catalog_0131_0704.csv
BNB-USDT,8h,BNBUSDT,28800,BNBUSDT,0.0001,,762.9,,,False,False,True,False,False,2026-02-02 23:15:05,bitget_true_catalog_0131_0704.csv
BNT-USDT,8h,BNTUSDT,28800,BNTUSDT,0.0001,,0.3253,,,False,False,True,False,False,2026-02-02 23:15:05,bitget_true_catalog_0131_0704.csv
BTC-USDT,8h,BTCUSDT,28800,BTCUSDT,-0.000087,,77708.9,,,False,False,True,False,False,2026-02-02 23:15:05,bitget_true_catalog_0131_0704.csv
C98-USDT,8h,C98USDT,28800,C98USDT,-0.000462,,0.02082,,,False,False,True,False,False,2026-02-02 23:15:05,bitget_true_catalog_0131_0704.csv
CELO-USDT,8h,CELOUSDT,28800,CELOUSDT,-0.000713,,0.0928,,,False,False,True,False,False,2026-02-02 23:15:05,bitget_true_catalog_0131_0704.csv
CELR-USDT,8h,CELRUSDT,28800,CELRUSDT,0.0001,,0.002918,,,False,False,True,False,False,2026-02-02 23:15:05,bitget_true_catalog_0131_0704.csv
CFX-USDT,8h,CFXUSDT,28800,CFXUSDT,0.0001,,0.05542,,,False,False,True,False,False,2026-02-02 23:15:05,bitget_true_catalog_0131_0704.csv
CHR-USDT,8h,CHRUSDT,28800,CHRUSDT,0.0001,,0.0305,,,False,False,True,False,False,2026-02-02 23:15:05,bitget_true_catalog_0131_0704.csv
CHZ-USDT,8h,CHZUSDT,28800,CHZUSDT,-0.000047,,0.04589,,,False,False,True,False,False,2026-02-02 23:15:05,bitget_true_catalog_0131_0704.csv
CKB-USDT,8h,CKBUSDT,28800,CKBUSDT,0.0001,,0.001983,,,False,False,True,False,False,2026-02-02 23:15:05,bitget_true_catalog_0131_0704.csv
COMP-USDT,8h,COMPUSDT,28800,COMPUSDT,0.0001,,19.8,,,False,False,True,False,False,2026-02-02 23:15:05,bitget_true_catalog_0131_0704.csv
CORE-USDT,8h,COREUSDT,28800,COREUSDT,0.0001,,0.08698,,,False,False,True,False,False,2026-02-02 23:15:05,bitget_true_catalog_0131_0704.csv
COTI-USDT,8h,COTIUSDT,28800,COTIUSDT,0.0001,,0.01409,,,False,False,True,False,False,2026-02-02 23:15:05,bitget_true_catalog_0131_0704.csv
CRO-USDT,8h,CROUSDT,28800,CROUSDT,0.0001,,0.07921,,,False,False,True,False,False,2026-02-02 23:15:05,bitget_true_catalog_0131_0704.csv
CRV-USDT,8h,CRVUSDT,28800,CRVUSDT,0.0001,,0.2828,,,False,False,True,False,False,2026-02-02 23:15:05,bitget_true_catalog_0131_0704.csv
CTSI-USDT,8h,CTSIUSDT,28800,CTSIUSDT,0.0001,,0.02808,,,False,False,True,False,False,2026-02-02 23:15:05,bitget_true_catalog_0131_0704.csv
DASH-USDT,8h,DASHUSDT,28800,DASHUSDT,0.0001,,43.78,,,False,False,True,False,False,2026-02-02 23:15:05,bitget_true_catalog_0131_0704.csv
DENT-USDT,8h,DENTUSDT,28800,DENTUSDT,0.0001,,0.0001607,,,False,False,True,False,False,2026-02-02 23:15:05,bitget_true_catalog_0131_0704.csv
DOGE-USDT,8h,DOGEUSDT,28800,DOGEUSDT,0.000005,,0.10578,,,False,False,True,False,False,2026-02-02 23:15:05,bitget_true_catalog_0131_0704.csv
DOT-USDT,8h,DOTUSDT,28800,DOTUSDT,0.000011,,1.521,,,False,False,True,False,False,2026-02-02 23:15:05,bitget_true_catalog_0131_0704.csv
DYDX-USDT,8h,DYDXUSDT,28800,DYDXUSDT,0.0001,,0.1311,,,False,False,True,False,False,2026-02-02 23:15:05,bitget_true_catalog_0131_0704.csv
EGLD-USDT,8h,EGLDUSDT,28800,EGLDUSDT,0.0001,,4.708,,,False,False,True,False,False,2026-02-02 23:15:05,bitget_true_catalog_0131_0704.csv
ENJ-USDT,8h,ENJUSDT,28800,ENJUSDT,-0.000794,,0.02362,,,False,False,True,False,False,2026-02-02 23:15:05,bitget_true_catalog_0131_0704.csv
ENS-USDT,8h,ENSUSDT,28800,ENSUSDT,0.0001,,6.852,,,False,False,True,False,False,2026-02-02 23:15:05,bitget_true_catalog_0131_0704.csv
ETC-USDT,8h,ETCUSDT,28800,ETCUSDT,0.000074,,9.656,,,False,False,True,False,False,2026-02-02 23:15:05,bitget_true_catalog_0131_0704.csv
ETH-USDT,8h,ETHUSDT,28800,ETHUSDT,-0.000088,,2302.77,,,False,False,True,False,False,2026-02-02 23:15:05,bitget_true_catalog_0131_0704.csv
FET-USDT,8h,FETUSDT,28800,FETUSDT,0.0001,,0.1828,,,False,False,True,False,False,2026-02-02 23:15:05,bitget_true_catalog_0131_0704.csv
FIL-USDT,8h,FILUSDT,28800,FILUSDT,-0.000289,,1.055,,,False,False,True,False,False,2026-02-02 23:15:05,bitget_true_catalog_0131_0704.csv
FLOKI-USDT,8h,FLOKIUSDT,28800,FLOKIUSDT,0.0001,,0.00003508,,,False,False,True,False,False,2026-02-02 23:15:05,bitget_true_catalog_0131_0704.csv
GALA-USDT,8h,GALAUSDT,28800,GALAUSDT,0.0001,,0.004766,,,False,False,True,False,False,2026-02-02 23:15:05,bitget_true_catalog_0131_0704.csv
GMX-USDT,8h,GMXUSDT,28800,GMXUSDT,0.0001,,6.203,,,False,False,True,False,False,2026-02-02 23:15:05,bitget_true_catalog_0131_0704.csv
GNO-USDT,8h,GNOUSDT,28800,GNOUSDT,-0.001251,,114.63,,,False,False,True,False,False,2026-02-02 23:15:05,bitget_true_catalog_0131_0704.csv
GRT-USDT,8h,GRTUSDT,28800,GRTUSDT,-0.000089,,0.02998,,,False,False,True,False,False,2026-02-02 23:15:05,bitget_true_catalog_0131_0704.csv
GTC-USDT,8h,GTCUSDT,28800,GTCUSDT,0.0001,,0.1101,,,False,False,True,False,False,2026-02-02 23:15:05,bitget_true_catalog_0131_0704.csv
HBAR-USDT,8h,HBARUSDT,28800,HBARUSDT,-0.000058,,0.0927,,,False,False,True,False,False,2026-02-02 23:15:05,bitget_true_catalog_0131_0704.csv
HFT-USDT,8h,HFTUSDT,28800,HFTUSDT,0.0001,,0.02068,,,False,False,True,False,False,2026-02-02 23:15:05,bitget_true_catalog_0131_0704.csv
HNT-USDT,8h,HNTUSDT,28800,HNTUSDT,0.0001,,0.962,,,False,False,True,False,False,2026-02-02 23:15:05,bitget_true_catalog_0131_0704.csv
HOT-USDT,8h,HOTUSDT,28800,HOTUSDT,0.0001,,0.0004179,,,False,False,True,False,False,2026-02-02 23:15:05,bitget_true_catalog_0131_0704.csv
ICP-USDT,8h,ICPUSDT,28800,ICPUSDT,-0.000163,,2.687,,,False,False,True,False,False,2026-02-02 23:15:05,bitget_true_catalog_0131_0704.csv
ICX-USDT,8h,ICXUSDT,28800,ICXUSDT,0.0001,,0.04477,,,False,False,True,False,False,2026-02-02 23:15:05,bitget_true_catalog_0131_0704.csv
ID-USDT,8h,IDUSDT,28800,IDUSDT,-0.000158,,0.0555,,,False,False,True,False,False,2026-02-02 23:15:05,bitget_true_catalog_0131_0704.csv
INJ-USDT,8h,INJUSDT,28800,INJUSDT,0.0001,,3.658,,,False,False,True,False,False,2026-02-02 23:15:05,bitget_true_catalog_0131_0704.csv
IOST-USDT,8h,IOSTUSDT,28800,IOSTUSDT,0.0001,,0.001399,,,False,False,True,False,False,2026-02-02 23:15:05,bitget_true_catalog_0131_0704.csv
IOTA-USDT,8h,IOTAUSDT,28800,IOTAUSDT,0.0001,,0.0733,,,False,False,True,False,False,2026-02-02 23:15:05,bitget_true_catalog_0131_0704.csv
IOTX-USDT,8h,IOTXUSDT,28800,IOTXUSDT,0.0001,,0.00649,,,False,False,True,False,False,2026-02-02 23:15:05,bitget_true_catalog_0131_0704.csv
JASMY-USDT,8h,JASMYUSDT,28800,JASMYUSDT,-0.000267,,0.005997,,,False,False,True,False,False,2026-02-02 23:15:05,bitget_true_catalog_0131_0704.csv
JOE-USDT,8h,JOEUSDT,28800,JOEUSDT,0.0001,,0.0432,,,False,False,True,False,False,2026-02-02 23:15:05,bitget_true_catalog_0131_0704.csv
KNC-USDT,8h,KNCUSDT,28800,KNCUSDT,0.0001,,0.1748,,,False,False,True,False,False,2026-02-02 23:15:05,bitget_true_catalog_0131_0704.csv
KSM-USDT,8h,KSMUSDT,28800,KSMUSDT,0.0001,,5.465,,,False,False,True,False,False,2026-02-02 23:15:05,bitget_true_catalog_0131_0704.csv
LDO-USDT,8h,LDOUSDT,28800,LDOUSDT,-0.000079,,0.4195,,,False,False,True,False,False,2026-02-02 23:15:05,bitget_true_catalog_0131_0704.csv
LINK-USDT,8h,LINKUSDT,28800,LINKUSDT,-0.000046,,9.627,,,False,False,True,False,False,2026-02-02 23:15:05,bitget_true_catalog_0131_0704.csv
LQTY-USDT,8h,LQTYUSDT,28800,LQTYUSDT,-0.000181,,0.3186,,,False,False,True,False,False,2026-02-02 23:15:05,bitget_true_catalog_0131_0704.csv
LTC-USDT,8h,LTCUSDT,28800,LTCUSDT,-0.000024,,59.41,,,False,False,True,False,False,2026-02-02 23:15:05,bitget_true_catalog_0131_0704.csv
LUNC-USDT,8h,LUNCUSDT,28800,LUNCUSDT,-0.000035,,0.00003663,,,False,False,True,False,False,2026-02-02 23:15:05,bitget_true_catalog_0131_0704.csv
MANA-USDT,8h,MANAUSDT,28800,MANAUSDT,0.0001,,0.1128,,,False,False,True,False,False,2026-02-02 23:15:05,bitget_true_catalog_0131_0704.csv
MAV-USDT,8h,MAVUSDT,28800,MAVUSDT,0.0001,,0.02022,,,False,False,True,False,False,2026-02-02 23:15:05,bitget_true_catalog_0131_0704.csv
MINA-USDT,8h,MINAUSDT,28800,MINAUSDT,0.0001,,0.072,,,False,False,True,False,False,2026-02-02 23:15:05,bitget_true_catalog_0131_0704.csv
MTL-USDT,8h,MTLUSDT,28800,MTLUSDT,0.0001,,0.3061,,,False,False,True,False,False,2026-02-02 23:15:05,bitget_true_catalog_0131_0704.csv
NEAR-USDT,8h,NEARUSDT,28800,NEARUSDT,-0.000015,,1.1935,,,False,False,True,False,False,2026-02-02 23:15:05,bitget_true_catalog_0131_0704.csv
NEO-USDT,8h,NEOUSDT,28800,NEOUSDT,-0.000301,,3.226,,,False,False,True,False,False,2026-02-02 23:15:05,bitget_true_catalog_0131_0704.csv
OGN-USDT,8h,OGNUSDT,28800,OGNUSDT,0.0001,,0.02408,,,False,False,True,False,False,2026-02-02 23:15:05,bitget_true_catalog_0131_0704.csv
ONE-USDT,8h,ONEUSDT,28800,ONEUSDT,0.0001,,0.002892,,,False,False,True,False,False,2026-02-02 23:15:05,bitget_true_catalog_0131_0704.csv
OP-USDT,8h,OPUSDT,28800,OPUSDT,0.000095,,0.2294,,,False,False,True,False,False,2026-02-02 23:15:05,bitget_true_catalog_0131_0704.csv
ORDER-USDT,8h,ORDERUSDT,28800,ORDERUSDT,-0.000939,,0.06484,,,False,False,True,False,False,2026-02-02 23:15:05,bitget_true_catalog_0131_0704.csv
OXT-USDT,8h,OXTUSDT,28800,OXTUSDT,0.0001,,0.0194,,,False,False,True,False,False,2026-02-02 23:15:05,bitget_true_catalog_0131_0704.csv
PENDLE-USDT,8h,PENDLEUSDT,28800,PENDLEUSDT,0.0001,,1.5676,,,False,False,True,False,False,2026-02-02 23:15:05,bitget_true_catalog_0131_0704.csv
PEOPLE-USDT,8h,PEOPLEUSDT,28800,PEOPLEUSDT,0.0001,,0.0076,,,False,False,True,False,False,2026-02-02 23:15:05,bitget_true_catalog_0131_0704.csv
PEPE-USDT,8h,PEPEUSDT,28800,PEPEUSDT,0.000048,,0.0000041865,,,False,False,True,False,False,2026-02-02 23:15:05,bitget_true_catalog_0131_0704.csv
PHB-USDT,8h,PHBUSDT,28800,PHBUSDT,0.0001,,0.1835,,,False,False,True,False,False,2026-02-02 23:15:05,bitget_true_catalog_0131_0704.csv
QNT-USDT,8h,QNTUSDT,28800,QNTUSDT,0.0001,,69.2,,,False,False,True,False,False,2026-02-02 23:15:05,bitget_true_catalog_0131_0704.csv
QTUM-USDT,8h,QTUMUSDT,28800,QTUMUSDT,0.0001,,1.074,,,False,False,True,False,False,2026-02-02 23:15:05,bitget_true_catalog_0131_0704.csv
RDNT-USDT,8h,RDNTUSDT,28800,RDNTUSDT,0.0001,,0.00718,,,False,False,True,False,False,2026-02-02 23:15:05,bitget_true_catalog_0131_0704.csv
ROSE-USDT,8h,ROSEUSDT,28800,ROSEUSDT,-0.000313,,0.01616,,,False,False,True,False,False,2026-02-02 23:15:05,bitget_true_catalog_0131_0704.csv
RSR-USDT,8h,RSRUSDT,28800,RSRUSDT,0.0001,,0.001871,,,False,False,True,False,False,2026-02-02 23:15:05,bitget_true_catalog_0131_0704.csv
RUNE-USDT,8h,RUNEUSDT,28800,RUNEUSDT,-0.000061,,0.4638,,,False,False,True,False,False,2026-02-02 23:15:05,bitget_true_catalog_0131_0704.csv
SAND-USDT,8h,SANDUSDT,28800,SANDUSDT,0.0001,,0.10052,,,False,False,True,False,False,2026-02-02 23:15:05,bitget_true_catalog_0131_0704.csv
SEI-USDT,8h,SEIUSDT,28800,SEIUSDT,0.0001,,0.0868,,,False,False,True,False,False,2026-02-02 23:15:05,bitget_true_catalog_0131_0704.csv
SFP-USDT,8h,SFPUSDT,28800,SFPUSDT,0.0001,,0.2866,,,False,False,True,False,False,2026-02-02 23:15:05,bitget_true_catalog_0131_0704.csv
SHIB-USDT,8h,SHIBUSDT,28800,SHIBUSDT,-0.000017,,0.00000678,,,False,False,True,False,False,2026-02-02 23:15:05,bitget_true_catalog_0131_0704.csv
SNX-USDT,8h,SNXUSDT,28800,SNXUSDT,0.0001,,0.3462,,,False,False,True,False,False,2026-02-02 23:15:05,bitget_true_catalog_0131_0704.csv
SOL-USDT,8h,SOLUSDT,28800,SOLUSDT,-0.000013,,102.793,,,False,False,True,False,False,2026-02-02 23:15:05,bitget_true_catalog_0131_0704.csv
SPELL-USDT,8h,SPELLUSDT,28800,SPELLUSDT,0.0001,,0.0002107,,,False,False,True,False,False,2026-02-02 23:15:05,bitget_true_catalog_0131_0704.csv
SSV-USDT,8h,SSVUSDT,28800,SSVUSDT,0.0001,,3.806,,,False,False,True,False,False,2026-02-02 23:15:05,bitget_true_catalog_0131_0704.csv
STG-USDT,8h,STGUSDT,28800,STGUSDT,0.0001,,0.1519,,,False,False,True,False,False,2026-02-02 23:15:05,bitget_true_catalog_0131_0704.csv
STX-USDT,8h,STXUSDT,28800,STXUSDT,0.0001,,0.2639,,,False,False,True,False,False,2026-02-02 23:15:05,bitget_true_catalog_0131_0704.csv
SUI-USDT,8h,SUIUSDT,28800,SUIUSDT,0.0001,,1.1304,,,False,False,True,False,False,2026-02-02 23:15:05,bitget_true_catalog_0131_0704.csv
SUSHI-USDT,8h,SUSHIUSDT,28800,SUSHIUSDT,0.0001,,0.239,,,False,False,True,False,False,2026-02-02 23:15:05,bitget_true_catalog_0131_0704.csv
THETA-USDT,8h,THETAUSDT,28800,THETAUSDT,0.0001,,0.2167,,,False,False,True,False,False,2026-02-02 23:15:05,bitget_true_catalog_0131_0704.csv
TLM-USDT,8h,TLMUSDT,28800,TLMUSDT,-0.001142,,0.001907,,,False,False,True,False,False,2026-02-02 23:15:05,bitget_true_catalog_0131_0704.csv
TRU-USDT,8h,TRUUSDT,28800,TRUUSDT,0.0001,,0.00702,,,False,False,True,False,False,2026-02-02 23:15:05,bitget_true_catalog_0131_0704.csv
TRX-USDT,8h,TRXUSDT,28800,TRXUSDT,-0.000181,,0.28294,,,False,False,True,False,False,2026-02-02 23:15:05,bitget_true_catalog_0131_0704.csv
UNI-USDT,8h,UNIUSDT,28800,UNIUSDT,-0.000229,,3.903,,,False,False,True,False,False,2026-02-02 23:15:05,bitget_true_catalog_0131_0704.csv
USDC-USDT,8h,USDCUSDT,28800,USDCUSDT,0.0001,,0.9997,,,False,False,True,False,False,2026-02-02 23:15:05,bitget_true_catalog_0131_0704.csv
VELO-USDT,8h,VELOUSDT,28800,VELOUSDT,0.0001,,0.004583,,,False,False,True,False,False,2026-02-02 23:15:05,bitget_true_catalog_0131_0704.csv
VET-USDT,8h,VETUSDT,28800,VETUSDT,0.0001,,0.008364,,,False,False,True,False,False,2026-02-02 23:15:05,bitget_true_catalog_0131_0704.csv
WLD-USDT,8h,WLDUSDT,28800,WLDUSDT,-0.000073,,0.3994,,,False,False,True,False,False,2026-02-02 23:15:05,bitget_true_catalog_0131_0704.csv
WOO-USDT,8h,WOOUSDT,28800,WOOUSDT,0.0001,,0.01953,,,False,False,True,False,False,2026-02-02 23:15:05,bitget_true_catalog_0131_0704.csv
XLM-USDT,8h,XLMUSDT,28800,XLMUSDT,-0.000011,,0.17944,,,False,False,True,False,False,2026-02-02 23:15:05,bitget_true_catalog_0131_0704.csv
XMR-USDT,8h,XMRUSDT,28800,XMRUSDT,0.0001,,404.12,,,False,False,True,False,False,2026-02-02 23:15:05,bitget_true_catalog_0131_0704.csv
XRP-USDT,8h,XRPUSDT,28800,XRPUSDT,-0.000085,,1.6261,,,False,False,True,False,False,2026-02-02 23:15:05,bitget_true_catalog_0131_0704.csv
XVG-USDT,8h,XVGUSDT,28800,XVGUSDT,0.0001,,0.005778,,,False,False,True,False,False,2026-02-02 23:15:05,bitget_true_catalog_0131_0704.csv
XVS-USDT,8h,XVSUSDT,28800,XVSUSDT,0.0001,,3.563,,,False,False,True,False,False,2026-02-02 23:15:05,bitget_true_catalog_0131_0704.csv
ZBCN-USDT,8h,ZBCNUSDT,28800,ZBCNUSDT,0.0001,,0.0022729,,,False,False,True,False,False,2026-02-02 23:15:05,bitget_true_catalog_0131_0704.csv
ZEN-USDT,8h,ZENUSDT,28800,ZENUSDT,-0.000177,,6.947,,,False,False,True,False,False,2026-02-02 23:15:05,bitget_true_catalog_0131_0704.csv
ZIL-USDT,8h,ZILUSDT,28800,ZILUSDT,-0.01,,0.005111,,,False,False,True,False,False,2026-02-02 23:15:05,bitget_true_catalog_0131_0704.csv
